CASEID,RESOURCE,ROUND,EVENTID,ACTIVITY,STAGE,START,END,VIDEOSTART,VIDEOEND
1539302414925-video_1.3_CVC,R_13_1C,Pre,1539301115461,Hand washing,Operator and Patient Preparation,10/11/2018 23:00:55,10/11/2018 23:01:07,55,67
1539302414925-video_1.3_CVC,R_13_1C,Pre,1539301145312,Ultrasound configuration,Ultrasound Preparation,10/11/2018 23:01:24,10/11/2018 23:02:17,84,137
1539302414925-video_1.3_CVC,R_13_1C,Pre,1539301204591,Anatomic identification,Locate Structures,10/11/2018 23:02:23,10/11/2018 23:02:23,143,143
1539302414925-video_1.3_CVC,R_13_1C,Pre,1539301214887,Compression identification,Locate Structures,10/11/2018 23:02:34,10/11/2018 23:02:34,154,154
1539302414925-video_1.3_CVC,R_13_1C,Pre,1539301252286,Gel in probe,Ultrasound Preparation,10/11/2018 23:03:11,10/11/2018 23:03:18,191,198
1539302414925-video_1.3_CVC,R_13_1C,Pre,1539301297253,Get in sterile clothes,Operator and Patient Preparation,10/11/2018 23:03:56,10/11/2018 23:04:04,236,244
1539302414925-video_1.3_CVC,R_13_1C,Pre,1539301310093,Hand washing,Operator and Patient Preparation,10/11/2018 23:04:09,10/11/2018 23:04:14,249,254
1539302414925-video_1.3_CVC,R_13_1C,Pre,1539301317097,Get in sterile clothes,Operator and Patient Preparation,10/11/2018 23:04:16,10/11/2018 23:07:06,256,426
1539302414925-video_1.3_CVC,R_13_1C,Pre,1539301466782,Clean puncture area,Operator and Patient Preparation,10/11/2018 23:07:25,10/11/2018 23:08:06,445,486
1539302414925-video_1.3_CVC,R_13_1C,Pre,1539301504204,Drap puncture area,Operator and Patient Preparation,10/11/2018 23:08:14,10/11/2018 23:09:12,494,552
1539302414925-video_1.3_CVC,R_13_1C,Pre,1539301584135,Cover probe,Ultrasound Preparation,10/11/2018 23:09:43,10/11/2018 23:11:12,583,672
1539302414925-video_1.3_CVC,R_13_1C,Pre,1539301692790,Put sterile gel,Ultrasound Preparation,10/11/2018 23:11:32,10/11/2018 23:11:44,692,704
1539302414925-video_1.3_CVC,R_13_1C,Pre,1539301720926,Anatomic identification,Locate Structures,10/11/2018 23:12:00,10/11/2018 23:12:00,720,720
1539302414925-video_1.3_CVC,R_13_1C,Pre,1539301727414,Ultrasound configuration,Ultrasound Preparation,10/11/2018 23:12:06,10/11/2018 23:12:13,726,733
1539302414925-video_1.3_CVC,R_13_1C,Pre,1539301770041,Prepare implements,Operator and Patient Preparation,10/11/2018 23:12:49,10/11/2018 23:14:15,769,855
1539302414925-video_1.3_CVC,R_13_1C,Pre,1539301834062,Anesthetize,Venous puncture,10/11/2018 23:14:25,10/11/2018 23:14:31,865,871
1539302414925-video_1.3_CVC,R_13_1C,Pre,1539301933206,Anatomic identification,Locate Structures,10/11/2018 23:15:14,10/11/2018 23:15:14,914,914
1539302414925-video_1.3_CVC,R_13_1C,Pre,1539301939311,Puncture,Venous puncture,10/11/2018 23:15:20,10/11/2018 23:17:36,920,1056
1539302414925-video_1.3_CVC,R_13_1C,Pre,1539301963844,Ultrasound configuration,Ultrasound Preparation,10/11/2018 23:15:45,10/11/2018 23:16:04,945,964
1539302414925-video_1.3_CVC,R_13_1C,Pre,1539302077785,Blood return,Venous puncture,10/11/2018 23:17:39,10/11/2018 23:17:39,1059,1059
1539302414925-video_1.3_CVC,R_13_1C,Pre,1539302084048,Drop probe,Install Guidewire,10/11/2018 23:17:45,10/11/2018 23:17:45,1065,1065
1539302414925-video_1.3_CVC,R_13_1C,Pre,1539302087496,Remove syringe,Install Guidewire,10/11/2018 23:17:48,10/11/2018 23:17:48,1068,1068
1539302414925-video_1.3_CVC,R_13_1C,Pre,1539302102889,Guidewire install,Install Guidewire,10/11/2018 23:18:04,10/11/2018 23:18:18,1084,1098
1539302414925-video_1.3_CVC,R_13_1C,Pre,1539302127075,Check wire in short axis,Install Guidewire,10/11/2018 23:18:28,10/11/2018 23:18:31,1108,1111
1539302414925-video_1.3_CVC,R_13_1C,Pre,1539302145843,Check wire in long axis,Install Guidewire,10/11/2018 23:18:47,10/11/2018 23:18:47,1127,1127
1539302414925-video_1.3_CVC,R_13_1C,Pre,1539302161655,Remove trocar,Install Guidewire,10/11/2018 23:19:02,10/11/2018 23:19:08,1142,1148
1539302414925-video_1.3_CVC,R_13_1C,Pre,1539302177557,Check wire in short axis,Install Guidewire,10/11/2018 23:19:18,10/11/2018 23:19:32,1158,1172
1539302414925-video_1.3_CVC,R_13_1C,Pre,1539302192667,Check wire in long axis,Install Guidewire,10/11/2018 23:19:33,10/11/2018 23:20:00,1173,1200
1539302414925-video_1.3_CVC,R_13_1C,Pre,1539302230084,Widen pathway,Install Catheter,10/11/2018 23:20:11,10/11/2018 23:20:39,1211,1239
1539302414925-video_1.3_CVC,R_13_1C,Pre,1539302267699,Advance catheter,Install Catheter,10/11/2018 23:20:48,10/11/2018 23:22:15,1248,1335
1539302414925-video_1.3_CVC,R_13_1C,Pre,1539302354734,Remove guidewire,Install Catheter,10/11/2018 23:22:15,10/11/2018 23:22:17,1335,1337
1539302414925-video_1.3_CVC,R_13_1C,Pre,1539302360872,Check flow and reflow,Install Catheter,10/11/2018 23:22:22,10/11/2018 23:22:39,1342,1359
1539302414925-video_1.3_CVC,R_13_1C,Pre,1539302393311,Check catheter position,Install Catheter,10/11/2018 23:22:54,10/11/2018 23:22:54,1374,1374
1539303857517-video_1.4_CVC,R_14_1D,Pre,1539302666960,Get in sterile clothes,Operator and Patient Preparation,10/12/2018 0:00:56,10/12/2018 0:01:13,56,73
1539303857517-video_1.4_CVC,R_14_1D,Pre,1539302685533,Hand washing,Operator and Patient Preparation,10/12/2018 0:01:14,10/12/2018 0:01:35,74,95
1539303857517-video_1.4_CVC,R_14_1D,Pre,1539302714063,Position patient,Locate Structures,10/12/2018 0:01:43,10/12/2018 0:01:46,103,106
1539303857517-video_1.4_CVC,R_14_1D,Pre,1539302805850,Prepare implements,Operator and Patient Preparation,10/12/2018 0:02:13,10/12/2018 0:02:53,133,173
1539303857517-video_1.4_CVC,R_14_1D,Pre,1539302877942,Hand washing,Operator and Patient Preparation,10/12/2018 0:02:59,10/12/2018 0:03:16,179,196
1539303857517-video_1.4_CVC,R_14_1D,Pre,1539302896626,Get in sterile clothes,Operator and Patient Preparation,10/12/2018 0:03:18,10/12/2018 0:05:22,198,322
1539303857517-video_1.4_CVC,R_14_1D,Pre,1539302968903,Prepare implements,Operator and Patient Preparation,10/12/2018 0:05:25,10/12/2018 0:05:48,325,348
1539303857517-video_1.4_CVC,R_14_1D,Pre,1539302993494,Clean puncture area,Operator and Patient Preparation,10/12/2018 0:05:49,10/12/2018 0:06:11,349,371
1539303857517-video_1.4_CVC,R_14_1D,Pre,1539303014190,Drap puncture area,Operator and Patient Preparation,10/12/2018 0:06:16,10/12/2018 0:07:07,376,427
1539303857517-video_1.4_CVC,R_14_1D,Pre,1539303052220,Prepare implements,Operator and Patient Preparation,10/12/2018 0:07:11,10/12/2018 0:07:11,431,431
1539303857517-video_1.4_CVC,R_14_1D,Pre,1539303115836,Cover probe,Ultrasound Preparation,10/12/2018 0:08:47,10/12/2018 0:11:56,527,716
1539303857517-video_1.4_CVC,R_14_1D,Pre,1539303122361,Ultrasound configuration,Ultrasound Preparation,10/12/2018 0:08:57,10/12/2018 0:09:41,537,581
1539303857517-video_1.4_CVC,R_14_1D,Pre,1539303143614,Gel in probe,Ultrasound Preparation,10/12/2018 0:09:29,10/12/2018 0:09:33,569,573
1539303857517-video_1.4_CVC,R_14_1D,Pre,1539303258497,Put sterile gel,Ultrasound Preparation,10/12/2018 0:12:18,10/12/2018 0:12:41,738,761
1539303857517-video_1.4_CVC,R_14_1D,Pre,1539303297068,Position probe,Ultrasound Preparation,10/12/2018 0:12:57,10/12/2018 0:12:57,777,777
1539303857517-video_1.4_CVC,R_14_1D,Pre,1539303314509,Ultrasound configuration,Ultrasound Preparation,10/12/2018 0:13:14,10/12/2018 0:13:30,794,810
1539303857517-video_1.4_CVC,R_14_1D,Pre,1539303333994,Anatomic identification,Locate Structures,10/12/2018 0:13:33,10/12/2018 0:14:17,813,857
1539303857517-video_1.4_CVC,R_14_1D,Pre,1539303378476,Compression identification,Locate Structures,10/12/2018 0:14:18,10/12/2018 0:14:28,858,868
1539303857517-video_1.4_CVC,R_14_1D,Pre,1539303412787,Anesthetize,Venous puncture,10/12/2018 0:14:52,10/12/2018 0:15:03,892,903
1539303857517-video_1.4_CVC,R_14_1D,Pre,1539303434726,Position probe,Ultrasound Preparation,10/12/2018 0:15:14,10/12/2018 0:15:14,914,914
1539303857517-video_1.4_CVC,R_14_1D,Pre,1539303444915,Puncture,Venous puncture,10/12/2018 0:15:24,10/12/2018 0:16:23,924,983
1539303857517-video_1.4_CVC,R_14_1D,Pre,1539303504442,Blood return,Venous puncture,10/12/2018 0:16:24,10/12/2018 0:16:24,984,984
1539303857517-video_1.4_CVC,R_14_1D,Pre,1539303507533,Drop probe,Install Guidewire,10/12/2018 0:16:27,10/12/2018 0:16:27,987,987
1539303857517-video_1.4_CVC,R_14_1D,Pre,1539303519455,Remove syringe,Install Guidewire,10/12/2018 0:16:39,10/12/2018 0:16:59,999,1019
1539303857517-video_1.4_CVC,R_14_1D,Pre,1539303547110,Guidewire install,Install Guidewire,10/12/2018 0:17:07,10/12/2018 0:18:33,1027,1113
1539303857517-video_1.4_CVC,R_14_1D,Pre,1539303635957,Remove trocar,Install Guidewire,10/12/2018 0:18:35,10/12/2018 0:18:42,1115,1122
1539303857517-video_1.4_CVC,R_14_1D,Pre,1539303655106,Widen pathway,Install Catheter,10/12/2018 0:18:55,10/12/2018 0:19:07,1135,1147
1539303857517-video_1.4_CVC,R_14_1D,Pre,1539303671467,Advance catheter,Install Catheter,10/12/2018 0:19:11,10/12/2018 0:20:46,1151,1246
1539303857517-video_1.4_CVC,R_14_1D,Pre,1539303804688,Remove guidewire,Install Catheter,10/12/2018 0:20:48,10/12/2018 0:20:48,1248,1248
1539303857517-video_1.4_CVC,R_14_1D,Pre,1539303809106,Check flow and reflow,Install Catheter,10/12/2018 0:20:55,10/12/2018 0:21:49,1255,1309
1539303857517-video_1.4_CVC,R_14_1D,Pre,1539303848844,Check catheter position,Install Catheter,10/12/2018 0:21:55,10/12/2018 0:21:55,1315,1315
1547683734202-video_1.c_CVC,R_13_1C,Post,1547682577856,Prepare implements,Operator and Patient Preparation,1/16/2019 1:00:27,1/16/2019 1:00:44,27,44
1547683734202-video_1.c_CVC,R_13_1C,Post,1547682596532,Hand washing,Operator and Patient Preparation,1/16/2019 1:00:45,1/16/2019 1:00:51,45,51
1547683734202-video_1.c_CVC,R_13_1C,Post,1547682603465,Get in sterile clothes,Operator and Patient Preparation,1/16/2019 1:00:52,1/16/2019 1:03:03,52,183
1547683734202-video_1.c_CVC,R_13_1C,Post,1547682728121,Prepare implements,Operator and Patient Preparation,1/16/2019 1:03:10,1/16/2019 1:05:16,190,316
1547683734202-video_1.c_CVC,R_13_1C,Post,1547682855769,Clean puncture area,Operator and Patient Preparation,1/16/2019 1:05:18,1/16/2019 1:05:52,318,352
1547683734202-video_1.c_CVC,R_13_1C,Post,1547682891273,Drap puncture area,Operator and Patient Preparation,1/16/2019 1:05:54,1/16/2019 1:06:35,354,395
1547683734202-video_1.c_CVC,R_13_1C,Post,1547682987655,Prepare implements,Operator and Patient Preparation,1/16/2019 1:06:43,1/16/2019 1:07:52,403,472
1547683734202-video_1.c_CVC,R_13_1C,Post,1547683087405,Gel in probe,Ultrasound Preparation,1/16/2019 1:08:22,1/16/2019 1:08:32,502,512
1547683734202-video_1.c_CVC,R_13_1C,Post,1547683106580,Cover probe,Ultrasound Preparation,1/16/2019 1:08:41,1/16/2019 1:09:15,521,555
1547683734202-video_1.c_CVC,R_13_1C,Post,1547683143500,Put sterile gel,Ultrasound Preparation,1/16/2019 1:09:18,1/16/2019 1:09:27,558,567
1547683734202-video_1.c_CVC,R_13_1C,Post,1547683154371,Position probe,Ultrasound Preparation,1/16/2019 1:09:29,1/16/2019 1:09:40,569,580
1547683734202-video_1.c_CVC,R_13_1C,Post,1547683173429,Ultrasound configuration,Ultrasound Preparation,1/17/2019 1:09:48,1/17/2019 1:09:57,588,597
1547683734202-video_1.c_CVC,R_13_1C,Post,1547683259145,Anatomic identification,Locate Structures,1/17/2019 1:10:27,1/17/2019 1:10:27,627,627
1547683734202-video_1.c_CVC,R_13_1C,Post,1547683264480,Compression identification,Locate Structures,1/17/2019 1:10:32,1/17/2019 1:10:41,632,641
1547683734202-video_1.c_CVC,R_13_1C,Post,1547683295910,Doppler identification,Locate Structures,1/17/2019 1:11:04,1/17/2019 1:11:25,664,685
1547683734202-video_1.c_CVC,R_13_1C,Post,1547683332526,Anesthetize,Venous puncture,1/17/2019 1:11:40,1/17/2019 1:11:48,700,708
1547683734202-video_1.c_CVC,R_13_1C,Post,1547683374058,Prepare implements,Operator and Patient Preparation,1/17/2019 1:12:01,1/17/2019 1:12:14,721,734
1547683734202-video_1.c_CVC,R_13_1C,Post,1547683389257,Puncture,Venous puncture,1/17/2019 1:12:16,1/17/2019 1:12:40,736,760
1547683734202-video_1.c_CVC,R_13_1C,Post,1547683411401,Blood return,Venous puncture,1/17/2019 1:12:38,1/17/2019 1:12:46,758,766
1547683734202-video_1.c_CVC,R_13_1C,Post,1547683421367,Drop probe,Install Guidewire,1/17/2019 1:12:48,1/17/2019 1:12:48,768,768
1547683734202-video_1.c_CVC,R_13_1C,Post,1547683447649,Remove syringe,Install Guidewire,1/17/2019 1:13:15,1/17/2019 1:13:18,795,798
1547683734202-video_1.c_CVC,R_13_1C,Post,1547683452518,Guidewire install,Install Guidewire,1/17/2019 1:13:19,1/17/2019 1:13:40,799,820
1547683734202-video_1.c_CVC,R_13_1C,Post,1547683478077,Remove trocar,Install Guidewire,1/17/2019 1:13:45,1/17/2019 1:13:51,825,831
1547683734202-video_1.c_CVC,R_13_1C,Post,1547683581334,Check wire in short axis,Install Guidewire,1/17/2019 1:13:52,1/17/2019 1:13:57,832,837
1547683734202-video_1.c_CVC,R_13_1C,Post,1547683589070,Check wire in long axis,Install Guidewire,1/17/2019 1:14:00,1/17/2019 1:14:09,840,849
1547683734202-video_1.c_CVC,R_13_1C,Post,1547683599439,Wire in good position,Install Guidewire,1/17/2019 1:14:10,1/17/2019 1:14:10,850,850
1547683734202-video_1.c_CVC,R_13_1C,Post,1547683653792,Advance catheter,Install Catheter,1/17/2019 1:14:22,1/17/2019 1:15:00,862,900
1547683734202-video_1.c_CVC,R_13_1C,Post,1547683693060,Remove guidewire,Install Catheter,1/17/2019 1:15:01,1/17/2019 1:15:03,901,903
1547683734202-video_1.c_CVC,R_13_1C,Post,1547683699364,Check flow and reflow,Install Catheter,1/17/2019 1:15:07,1/17/2019 1:15:15,907,915
1547683734202-video_1.c_CVC,R_13_1C,Post,1547683712609,Check catheter position,Install Catheter,1/17/2019 1:15:21,1/17/2019 1:15:21,921,921
1547722738650-video_1.d_CVC,R_14_1D,Post,1547721527931,Prepare implements,Operator and Patient Preparation,1/17/2019 1:00:44,1/17/2019 1:01:07,44,67
1547722738650-video_1.d_CVC,R_14_1D,Post,1547721554703,Ultrasound configuration,Ultrasound Preparation,1/17/2019 1:01:13,1/17/2019 1:03:13,73,193
1547722738650-video_1.d_CVC,R_14_1D,Post,1547721689818,Anatomic identification,Locate Structures,1/17/2019 1:02:51,1/17/2019 1:02:51,171,171
1547722738650-video_1.d_CVC,R_14_1D,Post,1547721691007,Compression identification,Locate Structures,1/17/2019 1:02:52,1/17/2019 1:02:52,172,172
1547722738650-video_1.d_CVC,R_14_1D,Post,1547721705769,Doppler identification,Locate Structures,1/17/2019 1:03:06,1/17/2019 1:03:27,186,207
1547722738650-video_1.d_CVC,R_14_1D,Post,1547721742483,Get in sterile clothes,Operator and Patient Preparation,1/17/2019 1:03:43,1/17/2019 1:04:09,223,249
1547722738650-video_1.d_CVC,R_14_1D,Post,1547721770006,Hand washing,Operator and Patient Preparation,1/17/2019 1:04:11,1/17/2019 1:04:16,251,256
1547722738650-video_1.d_CVC,R_14_1D,Post,1547721778121,Get in sterile clothes,Operator and Patient Preparation,1/17/2019 1:04:19,1/17/2019 1:06:17,259,377
1547722738650-video_1.d_CVC,R_14_1D,Post,1547721863853,Prepare implements,Operator and Patient Preparation,1/17/2019 1:06:19,1/17/2019 1:06:40,379,400
1547722738650-video_1.d_CVC,R_14_1D,Post,1547721883577,Clean puncture area,Operator and Patient Preparation,1/17/2019 1:06:42,1/17/2019 1:06:52,402,412
1547722738650-video_1.d_CVC,R_14_1D,Post,1547721896164,Drap puncture area,Operator and Patient Preparation,1/17/2019 1:06:55,1/17/2019 1:07:32,415,452
1547722738650-video_1.d_CVC,R_14_1D,Post,1547721936286,Prepare implements,Operator and Patient Preparation,1/17/2019 1:07:35,1/17/2019 1:08:20,455,500
1547722738650-video_1.d_CVC,R_14_1D,Post,1547721984199,Gel in probe,Ultrasound Preparation,1/17/2019 1:08:23,1/17/2019 1:08:29,503,509
1547722738650-video_1.d_CVC,R_14_1D,Post,1547721993333,Cover probe,Ultrasound Preparation,1/17/2019 1:08:32,1/17/2019 1:09:12,512,552
1547722738650-video_1.d_CVC,R_14_1D,Post,1547722045593,Prepare implements,Operator and Patient Preparation,1/17/2019 1:09:24,1/17/2019 1:09:50,564,590
1547722738650-video_1.d_CVC,R_14_1D,Post,1547722078335,Put sterile gel,Ultrasound Preparation,1/17/2019 1:09:57,1/17/2019 1:10:23,597,623
1547722738650-video_1.d_CVC,R_14_1D,Post,1547722162625,Anesthetize,Venous puncture,1/17/2019 1:10:25,1/17/2019 1:10:32,625,632
1547722738650-video_1.d_CVC,R_14_1D,Post,1547722173354,Prepare implements,Operator and Patient Preparation,1/17/2019 1:10:36,1/17/2019 1:11:28,636,688
1547722738650-video_1.d_CVC,R_14_1D,Post,1547722228639,Position probe,Ultrasound Preparation,1/17/2019 1:11:31,1/17/2019 1:11:41,691,701
1547722738650-video_1.d_CVC,R_14_1D,Post,1547722242896,Puncture,Venous puncture,1/17/2019 1:11:46,1/17/2019 1:12:05,706,725
1547722738650-video_1.d_CVC,R_14_1D,Post,1547722303490,Blood return,Venous puncture,1/17/2019 1:12:05,1/17/2019 1:12:06,725,726
1547722738650-video_1.d_CVC,R_14_1D,Post,1547722306001,Drop probe,Install Guidewire,1/17/2019 1:12:08,1/17/2019 1:12:08,728,728
1547722738650-video_1.d_CVC,R_14_1D,Post,1547722311574,Remove syringe,Install Guidewire,1/17/2019 1:12:13,1/17/2019 1:12:25,733,745
1547722738650-video_1.d_CVC,R_14_1D,Post,1547722326774,Guidewire install,Install Guidewire,1/17/2019 1:12:28,1/17/2019 1:12:46,748,766
1547722738650-video_1.d_CVC,R_14_1D,Post,1547722383117,Remove trocar,Install Guidewire,1/17/2019 1:12:47,1/17/2019 1:12:51,767,771
1547722738650-video_1.d_CVC,R_14_1D,Post,1547722389142,Check wire in short axis,Install Guidewire,1/17/2019 1:12:53,1/17/2019 1:13:03,773,783
1547722738650-video_1.d_CVC,R_14_1D,Post,1547722399472,Check wire in long axis,Install Guidewire,1/17/2019 1:13:04,1/17/2019 1:13:06,784,786
1547722738650-video_1.d_CVC,R_14_1D,Post,1547722402473,Wire in good position,Install Guidewire,1/17/2019 1:13:07,1/17/2019 1:13:07,787,787
1547722738650-video_1.d_CVC,R_14_1D,Post,1547722406229,Widen pathway,Install Catheter,1/17/2019 1:13:11,1/17/2019 1:13:30,791,810
1547722738650-video_1.d_CVC,R_14_1D,Post,1547722429628,Advance catheter,Install Catheter,1/17/2019 1:13:34,1/17/2019 1:16:25,814,985
1547722738650-video_1.d_CVC,R_14_1D,Post,1547722528860,Check wire in long axis,Install Guidewire,1/17/2019 1:15:13,1/17/2019 1:15:23,913,923
1547722738650-video_1.d_CVC,R_14_1D,Post,1547722658137,Remove guidewire,Install Catheter,1/17/2019 1:16:22,1/17/2019 1:16:31,982,991
1547722738650-video_1.d_CVC,R_14_1D,Post,1547722671280,Check flow and reflow,Install Catheter,1/17/2019 1:16:35,1/17/2019 1:17:32,995,1052
1547722738650-video_1.d_CVC,R_14_1D,Post,1547722731676,Check catheter position,Install Catheter,1/17/2019 1:17:35,1/17/2019 1:17:35,1055,1055
1547693943698-video_1.f_CVC,R_21_1F,Post,1547692982814,Get in sterile clothes,Operator and Patient Preparation,1/17/2019 1:00:56,1/17/2019 1:01:32,56,92
1547693943698-video_1.f_CVC,R_21_1F,Post,1547693029406,Prepare implements,Operator and Patient Preparation,1/17/2019 1:01:36,1/17/2019 1:02:19,96,139
1547693943698-video_1.f_CVC,R_21_1F,Post,1547693074174,Hand washing,Operator and Patient Preparation,1/17/2019 1:02:21,1/17/2019 1:02:36,141,156
1547693943698-video_1.f_CVC,R_21_1F,Post,1547693091677,Get in sterile clothes,Operator and Patient Preparation,1/17/2019 1:02:39,1/17/2019 1:04:13,159,253
1547693943698-video_1.f_CVC,R_21_1F,Post,1547693149682,Prepare implements,Operator and Patient Preparation,1/17/2019 1:04:16,1/17/2019 1:04:40,256,280
1547693943698-video_1.f_CVC,R_21_1F,Post,1547693171746,Clean puncture area,Operator and Patient Preparation,1/17/2019 1:04:42,1/17/2019 1:05:01,282,301
1547693943698-video_1.f_CVC,R_21_1F,Post,1547693188878,Drap puncture area,Operator and Patient Preparation,1/17/2019 1:05:04,1/17/2019 1:05:28,304,328
1547693943698-video_1.f_CVC,R_21_1F,Post,1547693217267,Prepare implements,Operator and Patient Preparation,1/17/2019 1:05:33,1/17/2019 1:06:59,333,419
1547693943698-video_1.f_CVC,R_21_1F,Post,1547693300822,Cover probe,Ultrasound Preparation,1/17/2019 1:07:12,1/17/2019 1:09:17,432,557
1547693943698-video_1.f_CVC,R_21_1F,Post,1547693347988,Gel in probe,Ultrasound Preparation,1/17/2019 1:08:17,1/17/2019 1:08:32,497,512
1547693943698-video_1.f_CVC,R_21_1F,Post,1547693415529,Put sterile gel,Ultrasound Preparation,1/17/2019 1:09:25,1/17/2019 1:09:31,565,571
1547693943698-video_1.f_CVC,R_21_1F,Post,1547693458167,Position probe,Ultrasound Preparation,1/17/2019 1:10:08,1/17/2019 1:10:26,608,626
1547693943698-video_1.f_CVC,R_21_1F,Post,1547693485367,Ultrasound configuration,Ultrasound Preparation,1/17/2019 1:10:35,1/17/2019 1:11:20,635,680
1547693943698-video_1.f_CVC,R_21_1F,Post,1547693512064,Compression identification,Locate Structures,1/17/2019 1:11:02,1/17/2019 1:11:02,662,662
1547693943698-video_1.f_CVC,R_21_1F,Post,1547693513255,Doppler identification,Locate Structures,1/17/2019 1:11:03,1/17/2019 1:11:03,663,663
1547693943698-video_1.f_CVC,R_21_1F,Post,1547693535105,Anatomic identification,Locate Structures,1/17/2019 1:11:25,1/17/2019 1:11:25,685,685
1547693943698-video_1.f_CVC,R_21_1F,Post,1547693541013,Anesthetize,Venous puncture,1/17/2019 1:11:30,1/17/2019 1:11:33,690,693
1547693943698-video_1.f_CVC,R_21_1F,Post,1547693551979,Puncture,Venous puncture,1/17/2019 1:11:41,1/17/2019 1:12:06,701,726
1547693943698-video_1.f_CVC,R_21_1F,Post,1547693580254,Blood return,Venous puncture,1/17/2019 1:12:10,1/17/2019 1:12:10,730,730
1547693943698-video_1.f_CVC,R_21_1F,Post,1547693582067,Drop probe,Install Guidewire,1/17/2019 1:12:12,1/17/2019 1:12:12,732,732
1547693943698-video_1.f_CVC,R_21_1F,Post,1547693585245,Remove syringe,Install Guidewire,1/17/2019 1:12:15,1/17/2019 1:12:15,735,735
1547693943698-video_1.f_CVC,R_21_1F,Post,1547693588584,Guidewire install,Install Guidewire,1/17/2019 1:12:18,1/17/2019 1:13:03,738,783
1547693943698-video_1.f_CVC,R_21_1F,Post,1547693635207,Remove trocar,Install Guidewire,1/17/2019 1:13:05,1/17/2019 1:13:08,785,788
1547693943698-video_1.f_CVC,R_21_1F,Post,1547693645009,Check wire in short axis,Install Guidewire,1/17/2019 1:13:14,1/17/2019 1:13:25,794,805
1547693943698-video_1.f_CVC,R_21_1F,Post,1547693656881,Check wire in long axis,Install Guidewire,1/17/2019 1:13:26,1/17/2019 1:13:38,806,818
1547693943698-video_1.f_CVC,R_21_1F,Post,1547693670106,Wire in good position,Install Guidewire,1/17/2019 1:13:40,1/17/2019 1:13:40,820,820
1547693943698-video_1.f_CVC,R_21_1F,Post,1547693705729,Widen pathway,Install Catheter,1/17/2019 1:13:51,1/17/2019 1:14:09,831,849
1547693943698-video_1.f_CVC,R_21_1F,Post,1547693727139,Advance catheter,Install Catheter,1/17/2019 1:14:13,1/17/2019 1:15:14,853,914
1547693943698-video_1.f_CVC,R_21_1F,Post,1547693863544,Remove guidewire,Install Catheter,1/17/2019 1:15:16,1/17/2019 1:15:53,916,953
1547693943698-video_1.f_CVC,R_21_1F,Post,1547693906086,Check flow and reflow,Install Catheter,1/17/2019 1:15:59,1/17/2019 1:16:16,959,976
1547693943698-video_1.f_CVC,R_21_1F,Post,1547693925115,Check catheter position,Install Catheter,1/17/2019 1:16:18,1/17/2019 1:16:18,978,978
1547915248799-video_1.g_CVC,R_31_1G,Post,1547914122307,Get in sterile clothes,Operator and Patient Preparation,1/19/2019 1:00:36,1/19/2019 1:00:52,36,52
1547915248799-video_1.g_CVC,R_31_1G,Post,1547914140165,Prepare implements,Operator and Patient Preparation,1/19/2019 1:00:53,1/19/2019 1:01:23,53,83
1547915248799-video_1.g_CVC,R_31_1G,Post,1547914211629,Ultrasound configuration,Ultrasound Preparation,1/19/2019 1:01:26,1/19/2019 1:02:13,86,133
1547915248799-video_1.g_CVC,R_31_1G,Post,1547914321272,Anatomic identification,Locate Structures,1/19/2019 1:02:10,1/19/2019 1:02:10,130,130
1547915248799-video_1.g_CVC,R_31_1G,Post,1547914330274,Gel in probe,Ultrasound Preparation,1/19/2019 1:02:19,1/19/2019 1:02:19,139,139
1547915248799-video_1.g_CVC,R_31_1G,Post,1547914350686,Hand washing,Operator and Patient Preparation,1/19/2019 1:02:39,1/19/2019 1:03:23,159,203
1547915248799-video_1.g_CVC,R_31_1G,Post,1547914396126,Get in sterile clothes,Operator and Patient Preparation,1/19/2019 1:03:25,1/19/2019 1:05:14,205,314
1547915248799-video_1.g_CVC,R_31_1G,Post,1547914474447,Prepare implements,Operator and Patient Preparation,1/19/2019 1:05:15,1/19/2019 1:05:32,315,332
1547915248799-video_1.g_CVC,R_31_1G,Post,1547914492301,Clean puncture area,Operator and Patient Preparation,1/19/2019 1:05:33,1/19/2019 1:05:52,333,352
1547915248799-video_1.g_CVC,R_31_1G,Post,1547914513632,Drap puncture area,Operator and Patient Preparation,1/19/2019 1:05:55,1/19/2019 1:06:34,355,394
1547915248799-video_1.g_CVC,R_31_1G,Post,1547914556326,Prepare implements,Operator and Patient Preparation,1/19/2019 1:06:38,1/19/2019 1:08:09,398,489
1547915248799-video_1.g_CVC,R_31_1G,Post,1547914677772,Cover probe,Ultrasound Preparation,1/19/2019 1:08:22,1/19/2019 1:09:27,502,567
1547915248799-video_1.g_CVC,R_31_1G,Post,1547914741182,Put sterile gel,Ultrasound Preparation,1/19/2019 1:09:32,1/19/2019 1:10:02,572,602
1547915248799-video_1.g_CVC,R_31_1G,Post,1547914772299,Position probe,Ultrasound Preparation,1/19/2019 1:10:03,1/19/2019 1:10:07,603,607
1547915248799-video_1.g_CVC,R_31_1G,Post,1547914796435,Prepare implements,Operator and Patient Preparation,1/19/2019 1:10:27,1/19/2019 1:11:16,627,676
1547915248799-video_1.g_CVC,R_31_1G,Post,1547914893183,Position probe,Ultrasound Preparation,1/19/2019 1:11:27,1/19/2019 1:11:30,687,690
1547915248799-video_1.g_CVC,R_31_1G,Post,1547914902981,Anesthetize,Venous puncture,1/19/2019 1:11:37,1/19/2019 1:11:45,697,705
1547915248799-video_1.g_CVC,R_31_1G,Post,1547914924607,Puncture,Venous puncture,1/19/2019 1:11:59,1/19/2019 1:12:35,719,755
1547915248799-video_1.g_CVC,R_31_1G,Post,1547914958737,Blood return,Venous puncture,1/19/2019 1:12:33,1/19/2019 1:12:33,753,753
1547915248799-video_1.g_CVC,R_31_1G,Post,1547914962322,Drop probe,Install Guidewire,1/19/2019 1:12:36,1/19/2019 1:12:36,756,756
1547915248799-video_1.g_CVC,R_31_1G,Post,1547914963690,Remove syringe,Install Guidewire,1/19/2019 1:12:38,1/19/2019 1:12:40,758,760
1547915248799-video_1.g_CVC,R_31_1G,Post,1547914968126,Guidewire install,Install Guidewire,1/19/2019 1:12:42,1/19/2019 1:13:39,762,819
1547915248799-video_1.g_CVC,R_31_1G,Post,1547915027918,Remove trocar,Install Guidewire,1/19/2019 1:13:42,1/19/2019 1:13:53,822,833
1547915248799-video_1.g_CVC,R_31_1G,Post,1547915042274,Check wire in short axis,Install Guidewire,1/19/2019 1:13:56,1/19/2019 1:14:16,836,856
1547915248799-video_1.g_CVC,R_31_1G,Post,1547915063103,Check wire in long axis,Install Guidewire,1/19/2019 1:14:17,1/19/2019 1:14:32,857,872
1547915248799-video_1.g_CVC,R_31_1G,Post,1547915078964,Wire in good position,Install Guidewire,1/19/2019 1:14:33,1/19/2019 1:14:33,873,873
1547915248799-video_1.g_CVC,R_31_1G,Post,1547915083388,Widen pathway,Install Catheter,1/19/2019 1:14:37,1/19/2019 1:15:04,877,904
1547915248799-video_1.g_CVC,R_31_1G,Post,1547915116347,Advance catheter,Install Catheter,1/19/2019 1:15:10,1/19/2019 1:16:29,910,989
1547915248799-video_1.g_CVC,R_31_1G,Post,1547915195698,Remove guidewire,Install Catheter,1/19/2019 1:16:30,1/19/2019 1:16:39,990,999
1547915248799-video_1.g_CVC,R_31_1G,Post,1547915207601,Check flow and reflow,Install Catheter,1/19/2019 1:16:42,1/19/2019 1:16:55,1002,1015
1547915248799-video_1.g_CVC,R_31_1G,Post,1547915222311,Check catheter position,Install Catheter,1/19/2019 1:16:56,1/19/2019 1:16:59,1016,1019
1547698148253-video_1.h_CVC,R_32_1H,Post,1547696704397,Prepare implements,Operator and Patient Preparation,1/17/2019 1:00:23,1/17/2019 1:00:50,23,50
1547698148253-video_1.h_CVC,R_32_1H,Post,1547696727067,Get in sterile clothes,Operator and Patient Preparation,1/17/2019 1:00:52,1/17/2019 1:01:22,52,82
1547698148253-video_1.h_CVC,R_32_1H,Post,1547696790228,Ultrasound configuration,Ultrasound Preparation,1/17/2019 1:01:23,1/17/2019 1:03:05,83,185
1547698148253-video_1.h_CVC,R_32_1H,Post,1547696953940,Prepare implements,Operator and Patient Preparation,1/17/2019 1:03:29,1/17/2019 1:03:29,209,209
1547698148253-video_1.h_CVC,R_32_1H,Post,1547696962050,Get in sterile clothes,Operator and Patient Preparation,1/17/2019 1:03:38,1/17/2019 1:05:04,218,304
1547698148253-video_1.h_CVC,R_32_1H,Post,1547696977579,Hand washing,Operator and Patient Preparation,1/17/2019 1:03:53,1/17/2019 1:04:05,233,245
1547698148253-video_1.h_CVC,R_32_1H,Post,1547697036260,Prepare implements,Operator and Patient Preparation,1/17/2019 1:05:06,1/17/2019 1:05:33,306,333
1547698148253-video_1.h_CVC,R_32_1H,Post,1547697058636,Clean puncture area,Operator and Patient Preparation,1/17/2019 1:05:35,1/17/2019 1:05:42,335,342
1547698148253-video_1.h_CVC,R_32_1H,Post,1547697090312,Prepare implements,Operator and Patient Preparation,1/17/2019 1:05:44,1/17/2019 1:06:34,344,394
1547698148253-video_1.h_CVC,R_32_1H,Post,1547697141954,Drap puncture area,Operator and Patient Preparation,1/17/2019 1:06:36,1/17/2019 1:07:07,396,427
1547698148253-video_1.h_CVC,R_32_1H,Post,1547697182289,Cover probe,Ultrasound Preparation,1/17/2019 1:07:16,1/17/2019 1:08:37,436,517
1547698148253-video_1.h_CVC,R_32_1H,Post,1547697235380,Gel in probe,Ultrasound Preparation,1/17/2019 1:08:09,1/17/2019 1:08:15,489,495
1547698148253-video_1.h_CVC,R_32_1H,Post,1547697274542,Put sterile gel,Ultrasound Preparation,1/17/2019 1:08:48,1/17/2019 1:08:52,528,532
1547698148253-video_1.h_CVC,R_32_1H,Post,1547697281155,Position probe,Ultrasound Preparation,1/17/2019 1:08:55,1/17/2019 1:09:07,535,547
1547698148253-video_1.h_CVC,R_32_1H,Post,1547697294657,Ultrasound configuration,Ultrasound Preparation,1/17/2019 1:09:09,1/17/2019 1:09:16,549,556
1547698148253-video_1.h_CVC,R_32_1H,Post,1547697311280,Anatomic identification,Locate Structures,1/17/2019 1:09:25,1/17/2019 1:09:25,565,565
1547698148253-video_1.h_CVC,R_32_1H,Post,1547697325874,Anesthetize,Venous puncture,1/17/2019 1:09:40,1/17/2019 1:09:46,580,586
1547698148253-video_1.h_CVC,R_32_1H,Post,1547697341112,Compression identification,Locate Structures,1/17/2019 1:09:55,1/17/2019 1:09:55,595,595
1547698148253-video_1.h_CVC,R_32_1H,Post,1547697362900,Puncture,Venous puncture,1/17/2019 1:10:17,1/17/2019 1:13:26,617,806
1547698148253-video_1.h_CVC,R_32_1H,Post,1547697570725,Blood return,Venous puncture,1/17/2019 1:13:27,1/17/2019 1:13:29,807,809
1547698148253-video_1.h_CVC,R_32_1H,Post,1547697576580,Drop probe,Install Guidewire,1/17/2019 1:13:33,1/17/2019 1:13:33,813,813
1547698148253-video_1.h_CVC,R_32_1H,Post,1547697577595,Remove syringe,Install Guidewire,1/17/2019 1:13:34,1/17/2019 1:13:34,814,814
1547698148253-video_1.h_CVC,R_32_1H,Post,1547697591610,Guidewire install,Install Guidewire,1/17/2019 1:13:36,1/17/2019 1:14:10,816,850
1547698148253-video_1.h_CVC,R_32_1H,Post,1547697628592,Remove trocar,Install Guidewire,1/17/2019 1:14:13,1/17/2019 1:14:16,853,856
1547698148253-video_1.h_CVC,R_32_1H,Post,1547697636237,Check wire in short axis,Install Guidewire,1/17/2019 1:14:20,1/17/2019 1:14:34,860,874
1547698148253-video_1.h_CVC,R_32_1H,Post,1547697651353,Check wire in long axis,Install Guidewire,1/17/2019 1:14:36,1/17/2019 1:14:54,876,894
1547698148253-video_1.h_CVC,R_32_1H,Post,1547697714839,Compression identification,Locate Structures,1/17/2019 1:15:39,1/17/2019 1:15:39,939,939
1547698148253-video_1.h_CVC,R_32_1H,Post,1547697716083,Anatomic identification,Locate Structures,1/17/2019 1:15:40,1/17/2019 1:15:40,940,940
1547698148253-video_1.h_CVC,R_32_1H,Post,1547697724534,Puncture,Venous puncture,1/17/2019 1:15:49,1/17/2019 1:15:49,949,949
1547698148253-video_1.h_CVC,R_32_1H,Post,1547697743423,Blood return,Venous puncture,1/17/2019 1:16:08,1/17/2019 1:16:08,968,968
1547698148253-video_1.h_CVC,R_32_1H,Post,1547697747645,Drop probe,Install Guidewire,1/17/2019 1:16:12,1/17/2019 1:16:12,972,972
1547698148253-video_1.h_CVC,R_32_1H,Post,1547697748927,Remove syringe,Install Guidewire,1/17/2019 1:16:13,1/17/2019 1:16:14,973,974
1547698148253-video_1.h_CVC,R_32_1H,Post,1547697792682,Guidewire install,Install Guidewire,1/17/2019 1:16:17,1/17/2019 1:16:57,977,1017
1547698148253-video_1.h_CVC,R_32_1H,Post,1547697837276,Remove trocar,Install Guidewire,1/17/2019 1:17:01,1/17/2019 1:17:04,1021,1024
1547698148253-video_1.h_CVC,R_32_1H,Post,1547697842690,Check wire in short axis,Install Guidewire,1/17/2019 1:17:07,1/17/2019 1:17:13,1027,1033
1547698148253-video_1.h_CVC,R_32_1H,Post,1547697850063,Check wire in long axis,Install Guidewire,1/17/2019 1:17:14,1/17/2019 1:17:47,1034,1067
1547698148253-video_1.h_CVC,R_32_1H,Post,1547697924422,Widen pathway,Install Catheter,1/17/2019 1:18:28,1/17/2019 1:18:45,1108,1125
1547698148253-video_1.h_CVC,R_32_1H,Post,1547697944763,Advance catheter,Install Catheter,1/17/2019 1:18:49,1/17/2019 1:19:52,1129,1192
1547698148253-video_1.h_CVC,R_32_1H,Post,1547698009794,Remove guidewire,Install Catheter,1/17/2019 1:19:54,1/17/2019 1:20:27,1194,1227
1547698148253-video_1.h_CVC,R_32_1H,Post,1547698059760,Check catheter position,Install Catheter,1/17/2019 1:20:44,1/17/2019 1:20:44,1244,1244
1547698148253-video_1.h_CVC,R_32_1H,Post,1547698082821,Check flow and reflow,Install Catheter,1/17/2019 1:21:07,1/17/2019 1:21:53,1267,1313
1547986862398-video_1.l_CVC,R_33_1L,Post,1547985879213,Prepare implements,Operator and Patient Preparation,1/20/2019 1:00:24,1/20/2019 1:01:02,24,62
1547986862398-video_1.l_CVC,R_33_1L,Post,1547985894518,Get in sterile clothes,Operator and Patient Preparation,1/20/2019 1:00:39,1/20/2019 1:00:54,39,54
1547986862398-video_1.l_CVC,R_33_1L,Post,1547985920153,Hand washing,Operator and Patient Preparation,1/20/2019 1:01:05,1/20/2019 1:01:12,65,72
1547986862398-video_1.l_CVC,R_33_1L,Post,1547985956620,Get in sterile clothes,Operator and Patient Preparation,1/20/2019 1:01:14,1/20/2019 1:02:15,74,135
1547986862398-video_1.l_CVC,R_33_1L,Post,1547986017590,Prepare implements,Operator and Patient Preparation,1/20/2019 1:02:19,1/20/2019 1:02:49,139,169
1547986862398-video_1.l_CVC,R_33_1L,Post,1547986048781,Clean puncture area,Operator and Patient Preparation,1/20/2019 1:02:50,1/20/2019 1:03:18,170,198
1547986862398-video_1.l_CVC,R_33_1L,Post,1547986080626,Drap puncture area,Operator and Patient Preparation,1/20/2019 1:03:22,1/20/2019 1:03:54,202,234
1547986862398-video_1.l_CVC,R_33_1L,Post,1547986168525,Ultrasound configuration,Ultrasound Preparation,1/20/2019 1:03:58,1/20/2019 1:04:27,238,267
1547986862398-video_1.l_CVC,R_33_1L,Post,1547986200117,Gel in probe,Ultrasound Preparation,1/20/2019 1:04:29,1/20/2019 1:04:32,269,272
1547986862398-video_1.l_CVC,R_33_1L,Post,1547986205696,Cover probe,Ultrasound Preparation,1/20/2019 1:04:35,1/20/2019 1:06:20,275,380
1547986862398-video_1.l_CVC,R_33_1L,Post,1547986346649,Prepare implements,Operator and Patient Preparation,1/20/2019 1:06:30,1/20/2019 1:06:53,390,413
1547986862398-video_1.l_CVC,R_33_1L,Post,1547986376679,Put sterile gel,Ultrasound Preparation,1/20/2019 1:07:00,1/20/2019 1:07:07,420,427
1547986862398-video_1.l_CVC,R_33_1L,Post,1547986415110,Position probe,Ultrasound Preparation,1/20/2019 1:07:14,1/20/2019 1:07:14,434,434
1547986862398-video_1.l_CVC,R_33_1L,Post,1547986418431,Ultrasound configuration,Ultrasound Preparation,1/20/2019 1:07:17,1/20/2019 1:07:26,437,446
1547986862398-video_1.l_CVC,R_33_1L,Post,1547986433432,Compression identification,Locate Structures,1/20/2019 1:07:32,1/20/2019 1:07:36,452,456
1547986862398-video_1.l_CVC,R_33_1L,Post,1547986443088,Anesthetize,Venous puncture,1/20/2019 1:07:42,1/20/2019 1:07:44,462,464
1547986862398-video_1.l_CVC,R_33_1L,Post,1547986451999,Prepare implements,Operator and Patient Preparation,1/20/2019 1:07:51,1/20/2019 1:08:04,471,484
1547986862398-video_1.l_CVC,R_33_1L,Post,1547986471587,Position patient,Locate Structures,1/20/2019 1:08:10,1/20/2019 1:08:14,490,494
1547986862398-video_1.l_CVC,R_33_1L,Post,1547986477363,Puncture,Venous puncture,1/20/2019 1:08:16,1/20/2019 1:08:41,496,521
1547986862398-video_1.l_CVC,R_33_1L,Post,1547986500440,Blood return,Venous puncture,1/20/2019 1:08:39,1/20/2019 1:08:39,519,519
1547986862398-video_1.l_CVC,R_33_1L,Post,1547986505174,Drop probe,Install Guidewire,1/20/2019 1:08:44,1/20/2019 1:08:44,524,524
1547986862398-video_1.l_CVC,R_33_1L,Post,1547986508271,Remove syringe,Install Guidewire,1/20/2019 1:08:47,1/20/2019 1:08:47,527,527
1547986862398-video_1.l_CVC,R_33_1L,Post,1547986514034,Guidewire install,Install Guidewire,1/20/2019 1:08:53,1/20/2019 1:09:41,533,581
1547986862398-video_1.l_CVC,R_33_1L,Post,1547986566711,Remove trocar,Install Guidewire,1/20/2019 1:09:45,1/20/2019 1:09:49,585,589
1547986862398-video_1.l_CVC,R_33_1L,Post,1547986575161,Check wire in short axis,Install Guidewire,1/20/2019 1:09:54,1/20/2019 1:10:11,594,611
1547986862398-video_1.l_CVC,R_33_1L,Post,1547986591330,Check wire in long axis,Install Guidewire,1/20/2019 1:10:10,1/20/2019 1:11:08,610,668
1547986862398-video_1.l_CVC,R_33_1L,Post,1547986681203,Wire in good position,Install Guidewire,1/20/2019 1:11:10,1/20/2019 1:11:10,670,670
1547986862398-video_1.l_CVC,R_33_1L,Post,1547986685454,Widen pathway,Install Catheter,1/20/2019 1:11:14,1/20/2019 1:12:00,674,720
1547986862398-video_1.l_CVC,R_33_1L,Post,1547986791382,Advance catheter,Install Catheter,1/20/2019 1:12:04,1/20/2019 1:12:51,724,771
1547986862398-video_1.l_CVC,R_33_1L,Post,1547986829444,Remove guidewire,Install Catheter,1/20/2019 1:12:55,1/20/2019 1:13:00,775,780
1547986862398-video_1.l_CVC,R_33_1L,Post,1547986838267,Check flow and reflow,Install Catheter,1/20/2019 1:13:04,1/20/2019 1:13:17,784,797
1547986862398-video_1.l_CVC,R_33_1L,Post,1547986853022,Check catheter position,Install Catheter,1/20/2019 1:13:18,1/20/2019 1:13:21,798,801
1539314415211-video_2.1_CVC,R_21_1F,Pre,1539312093184,Prepare implements,Operator and Patient Preparation,10/12/2018 2:00:39,10/12/2018 2:00:58,39,58
1539314415211-video_2.1_CVC,R_21_1F,Pre,1539312113315,Get in sterile clothes,Operator and Patient Preparation,10/12/2018 2:01:00,10/12/2018 2:01:13,60,73
1539314415211-video_2.1_CVC,R_21_1F,Pre,1539312143582,Ultrasound configuration,Ultrasound Preparation,10/12/2018 2:01:30,10/12/2018 2:01:45,90,105
1539314415211-video_2.1_CVC,R_21_1F,Pre,1539312194813,Gel in probe,Ultrasound Preparation,10/12/2018 2:01:46,10/12/2018 2:01:58,106,118
1539314415211-video_2.1_CVC,R_21_1F,Pre,1539312261275,Ultrasound configuration,Ultrasound Preparation,10/12/2018 2:02:04,10/12/2018 2:02:23,124,143
1539314415211-video_2.1_CVC,R_21_1F,Pre,1539312285085,Hand washing,Operator and Patient Preparation,10/12/2018 2:02:28,10/12/2018 2:03:19,148,199
1539314415211-video_2.1_CVC,R_21_1F,Pre,1539312337967,Get in sterile clothes,Operator and Patient Preparation,10/12/2018 2:03:21,10/12/2018 2:04:59,201,299
1539314415211-video_2.1_CVC,R_21_1F,Pre,1539312473271,Prepare implements,Operator and Patient Preparation,10/12/2018 2:05:11,10/12/2018 2:05:34,311,334
1539314415211-video_2.1_CVC,R_21_1F,Pre,1539312497664,Clean puncture area,Operator and Patient Preparation,10/12/2018 2:05:36,10/12/2018 2:06:08,336,368
1539314415211-video_2.1_CVC,R_21_1F,Pre,1539312535691,Drap puncture area,Operator and Patient Preparation,10/12/2018 2:06:14,10/12/2018 2:06:50,374,410
1539314415211-video_2.1_CVC,R_21_1F,Pre,1539312581533,Prepare implements,Operator and Patient Preparation,10/12/2018 2:06:59,10/12/2018 2:09:22,419,562
1539314415211-video_2.1_CVC,R_21_1F,Pre,1539312729301,Cover probe,Ultrasound Preparation,10/12/2018 2:09:27,10/12/2018 2:10:51,567,651
1539314415211-video_2.1_CVC,R_21_1F,Pre,1539312796971,Put sterile gel,Ultrasound Preparation,10/12/2018 2:10:52,10/12/2018 2:10:56,652,656
1539314415211-video_2.1_CVC,R_21_1F,Pre,1539312810136,Position probe,Ultrasound Preparation,10/12/2018 2:11:05,10/12/2018 2:11:10,665,670
1539314415211-video_2.1_CVC,R_21_1F,Pre,1539312832080,Anatomic identification,Locate Structures,10/12/2018 2:11:27,10/12/2018 2:11:58,687,718
1539314415211-video_2.1_CVC,R_21_1F,Pre,1539312885431,Compression identification,Locate Structures,10/12/2018 2:12:21,10/12/2018 2:12:24,741,744
1539314415211-video_2.1_CVC,R_21_1F,Pre,1539312928081,Prepare implements,Operator and Patient Preparation,10/12/2018 2:12:47,10/12/2018 2:13:08,767,788
1539314415211-video_2.1_CVC,R_21_1F,Pre,1539312952092,Position probe,Ultrasound Preparation,10/12/2018 2:13:11,10/12/2018 2:13:11,791,791
1539314415211-video_2.1_CVC,R_21_1F,Pre,1539312960354,Anesthetize,Venous puncture,10/12/2018 2:13:19,10/12/2018 2:13:38,799,818
1539314415211-video_2.1_CVC,R_21_1F,Pre,1539312990737,Puncture,Venous puncture,10/12/2018 2:13:49,10/12/2018 2:16:34,829,994
1539314415211-video_2.1_CVC,R_21_1F,Pre,1539313156624,Blood return,Venous puncture,10/12/2018 2:16:35,10/12/2018 2:16:35,995,995
1539314415211-video_2.1_CVC,R_21_1F,Pre,1539313162484,Drop probe,Install Guidewire,10/12/2018 2:16:41,10/12/2018 2:16:41,1001,1001
1539314415211-video_2.1_CVC,R_21_1F,Pre,1539313181623,Puncture,Venous puncture,10/12/2018 3:17:00,10/12/2018 3:18:00,1020,1080
1539314415211-video_2.1_CVC,R_21_1F,Pre,1539313243506,Blood return,Venous puncture,10/12/2018 3:18:02,10/12/2018 3:18:02,1082,1082
1539314415211-video_2.1_CVC,R_21_1F,Pre,1539313245146,Drop probe,Install Guidewire,10/12/2018 3:18:04,10/12/2018 3:18:04,1084,1084
1539314415211-video_2.1_CVC,R_21_1F,Pre,1539313349213,Guidewire install,Install Guidewire,10/12/2018 3:18:11,10/12/2018 3:18:46,1091,1126
1539314415211-video_2.1_CVC,R_21_1F,Pre,1539313506246,Position probe,Ultrasound Preparation,10/12/2018 3:19:28,10/12/2018 3:19:28,1168,1168
1539314415211-video_2.1_CVC,R_21_1F,Pre,1539313513561,Puncture,Venous puncture,10/12/2018 3:19:43,10/12/2018 3:20:27,1183,1227
1539314415211-video_2.1_CVC,R_21_1F,Pre,1539313571080,Blood return,Venous puncture,10/12/2018 3:20:29,10/12/2018 3:20:29,1229,1229
1539314415211-video_2.1_CVC,R_21_1F,Pre,1539313574120,Drop probe,Install Guidewire,10/12/2018 3:20:32,10/12/2018 3:20:32,1232,1232
1539314415211-video_2.1_CVC,R_21_1F,Pre,1539313575372,Remove syringe,Install Guidewire,10/12/2018 3:20:34,10/12/2018 3:20:34,1234,1234
1539314415211-video_2.1_CVC,R_21_1F,Pre,1539313578768,Guidewire install,Install Guidewire,10/12/2018 3:20:37,10/12/2018 3:21:50,1237,1310
1539314415211-video_2.1_CVC,R_21_1F,Pre,1539313640635,Remove trocar,Install Guidewire,10/12/2018 3:21:56,10/12/2018 3:22:06,1316,1326
1539314415211-video_2.1_CVC,R_21_1F,Pre,1539313652843,Check wire in short axis,Install Guidewire,10/12/2018 3:22:14,10/12/2018 3:22:23,1334,1343
1539314415211-video_2.1_CVC,R_21_1F,Pre,1539313660241,Check wire in long axis,Install Guidewire,10/12/2018 3:22:25,10/12/2018 3:22:33,1345,1353
1539314415211-video_2.1_CVC,R_21_1F,Pre,1539313667321,Wire in good position,Install Guidewire,10/12/2018 3:22:36,10/12/2018 3:22:36,1356,1356
1539314415211-video_2.1_CVC,R_21_1F,Pre,1539313673258,Widen pathway,Install Catheter,10/12/2018 3:22:44,10/12/2018 3:23:17,1364,1397
1539314415211-video_2.1_CVC,R_21_1F,Pre,1539313699234,Advance catheter,Install Catheter,10/12/2018 3:23:23,10/12/2018 3:25:51,1403,1551
1539314415211-video_2.1_CVC,R_21_1F,Pre,1539313852977,Check wire in short axis,Install Guidewire,10/12/2018 3:26:08,10/12/2018 3:26:13,1568,1573
1539314415211-video_2.1_CVC,R_21_1F,Pre,1539313858822,Check wire in long axis,Install Guidewire,10/12/2018 3:26:14,10/12/2018 3:26:57,1574,1617
1539314415211-video_2.1_CVC,R_21_1F,Pre,1539313944800,Remove guidewire,Install Catheter,10/12/2018 3:27:01,10/12/2018 3:27:01,1621,1621
1539314415211-video_2.1_CVC,R_21_1F,Pre,1539313973177,Position probe,Ultrasound Preparation,10/12/2018 3:27:30,10/12/2018 3:27:30,1650,1650
1539314415211-video_2.1_CVC,R_21_1F,Pre,1539313991033,Puncture,Venous puncture,10/12/2018 3:27:48,10/12/2018 3:28:57,1668,1737
1539314415211-video_2.1_CVC,R_21_1F,Pre,1539314062536,Blood return,Venous puncture,10/12/2018 3:28:59,10/12/2018 3:28:59,1739,1739
1539314415211-video_2.1_CVC,R_21_1F,Pre,1539314064290,Drop probe,Install Guidewire,10/12/2018 3:29:01,10/12/2018 3:29:01,1741,1741
1539314415211-video_2.1_CVC,R_21_1F,Pre,1539314067538,Remove syringe,Install Guidewire,10/12/2018 3:29:04,10/12/2018 3:29:04,1744,1744
1539314415211-video_2.1_CVC,R_21_1F,Pre,1539314071115,Guidewire install,Install Guidewire,10/12/2018 3:29:08,10/12/2018 3:29:28,1748,1768
1539314415211-video_2.1_CVC,R_21_1F,Pre,1539314093536,Check wire in short axis,Install Guidewire,10/12/2018 3:29:30,10/12/2018 3:29:32,1770,1772
1539314415211-video_2.1_CVC,R_21_1F,Pre,1539314097849,Check wire in long axis,Install Guidewire,10/12/2018 3:29:34,10/12/2018 3:30:10,1774,1810
1539314415211-video_2.1_CVC,R_21_1F,Pre,1539314141742,Remove trocar,Install Guidewire,10/12/2018 3:30:18,10/12/2018 3:30:21,1818,1821
1539314415211-video_2.1_CVC,R_21_1F,Pre,1539314148649,Check wire in long axis,Install Guidewire,10/12/2018 3:30:25,10/12/2018 3:31:04,1825,1864
1539314415211-video_2.1_CVC,R_21_1F,Pre,1539314197043,Check wire in short axis,Install Guidewire,10/12/2018 3:31:14,10/12/2018 3:31:51,1874,1911
1539314415211-video_2.1_CVC,R_21_1F,Pre,1539314237290,Check wire in long axis,Install Guidewire,10/12/2018 3:31:54,10/12/2018 3:32:01,1914,1921
1539314415211-video_2.1_CVC,R_21_1F,Pre,1539314270794,Advance catheter,Install Catheter,10/12/2018 3:32:27,10/12/2018 3:33:41,1947,2021
1539314415211-video_2.1_CVC,R_21_1F,Pre,1539314348285,Check wire in short axis,Install Guidewire,10/12/2018 3:33:45,10/12/2018 3:33:59,2025,2039
1539314415211-video_2.1_CVC,R_21_1F,Pre,1539314363338,Check wire in long axis,Install Guidewire,10/12/2018 3:34:00,10/12/2018 3:34:01,2040,2041
1539314415211-video_2.1_CVC,R_21_1F,Pre,1539314369788,Advance catheter,Install Catheter,10/12/2018 3:34:06,10/12/2018 3:34:14,2046,2054
1539314415211-video_2.1_CVC,R_21_1F,Pre,1539314378289,Remove guidewire,Install Catheter,10/12/2018 3:34:15,10/12/2018 3:34:15,2055,2055
1539314415211-video_2.1_CVC,R_21_1F,Pre,1539314385290,Check flow and reflow,Install Catheter,10/12/2018 3:34:22,10/12/2018 3:34:37,2062,2077
1547997805806-video_2.a_CVC,R_45_2A,Post,1547996700471,Prepare implements,Operator and Patient Preparation,1/20/2019 1:00:16,1/20/2019 1:01:06,16,66
1547997805806-video_2.a_CVC,R_45_2A,Post,1547996752341,Get in sterile clothes,Operator and Patient Preparation,1/20/2019 1:01:07,1/20/2019 1:01:46,67,106
1547997805806-video_2.a_CVC,R_45_2A,Post,1547996803318,Hand washing,Operator and Patient Preparation,1/20/2019 1:01:48,1/20/2019 1:02:07,108,127
1547997805806-video_2.a_CVC,R_45_2A,Post,1547996824135,Get in sterile clothes,Operator and Patient Preparation,1/20/2019 1:02:09,1/20/2019 1:04:15,129,255
1547997805806-video_2.a_CVC,R_45_2A,Post,1547996931907,Prepare implements,Operator and Patient Preparation,1/20/2019 1:04:17,1/20/2019 1:04:50,257,290
1547997805806-video_2.a_CVC,R_45_2A,Post,1547996986527,Clean puncture area,Operator and Patient Preparation,1/20/2019 1:04:52,1/20/2019 1:05:15,292,315
1547997805806-video_2.a_CVC,R_45_2A,Post,1547997023849,Drap puncture area,Operator and Patient Preparation,1/20/2019 1:05:17,1/20/2019 1:05:47,317,347
1547997805806-video_2.a_CVC,R_45_2A,Post,1547997062606,Prepare implements,Operator and Patient Preparation,1/20/2019 1:05:55,1/20/2019 1:07:00,355,420
1547997805806-video_2.a_CVC,R_45_2A,Post,1547997130801,Ultrasound configuration,Ultrasound Preparation,1/20/2019 1:07:04,1/20/2019 1:07:51,424,471
1547997805806-video_2.a_CVC,R_45_2A,Post,1547997183169,Cover probe,Ultrasound Preparation,1/20/2019 1:07:56,1/20/2019 1:10:10,476,610
1547997805806-video_2.a_CVC,R_45_2A,Post,1547997200556,Gel in probe,Ultrasound Preparation,1/20/2019 1:08:13,1/20/2019 1:08:20,493,500
1547997805806-video_2.a_CVC,R_45_2A,Post,1547997318986,Put sterile gel,Ultrasound Preparation,1/20/2019 1:10:12,1/20/2019 1:10:21,612,621
1547997805806-video_2.a_CVC,R_45_2A,Post,1547997355699,Position probe,Ultrasound Preparation,1/20/2019 1:10:49,1/20/2019 1:10:49,649,649
1547997805806-video_2.a_CVC,R_45_2A,Post,1547997370183,Ultrasound configuration,Ultrasound Preparation,1/20/2019 1:11:03,1/20/2019 1:11:31,663,691
1547997805806-video_2.a_CVC,R_45_2A,Post,1547997400462,Anatomic identification,Locate Structures,1/20/2019 1:11:33,1/20/2019 1:11:33,693,693
1547997805806-video_2.a_CVC,R_45_2A,Post,1547997404972,Compression identification,Locate Structures,1/20/2019 1:11:38,1/20/2019 1:11:38,698,698
1547997805806-video_2.a_CVC,R_45_2A,Post,1547997454530,Anesthetize,Venous puncture,1/20/2019 1:12:28,1/20/2019 1:12:40,748,760
1547997805806-video_2.a_CVC,R_45_2A,Post,1547997471695,Puncture,Venous puncture,1/20/2019 1:12:45,1/20/2019 1:13:09,765,789
1547997805806-video_2.a_CVC,R_45_2A,Post,1547997497459,Blood return,Venous puncture,1/20/2019 1:13:10,1/20/2019 1:13:10,790,790
1547997805806-video_2.a_CVC,R_45_2A,Post,1547997499312,Drop probe,Install Guidewire,1/20/2019 1:13:12,1/20/2019 1:13:12,792,792
1547997805806-video_2.a_CVC,R_45_2A,Post,1547997507204,Remove syringe,Install Guidewire,1/20/2019 1:13:20,1/20/2019 1:13:30,800,810
1547997805806-video_2.a_CVC,R_45_2A,Post,1547997522089,Guidewire install,Install Guidewire,1/20/2019 1:13:35,1/20/2019 1:14:47,815,887
1547997805806-video_2.a_CVC,R_45_2A,Post,1547997601769,Remove trocar,Install Guidewire,1/20/2019 1:14:55,1/20/2019 1:15:01,895,901
1547997805806-video_2.a_CVC,R_45_2A,Post,1547997609680,Check wire in short axis,Install Guidewire,1/20/2019 1:15:03,1/20/2019 1:15:10,903,910
1547997805806-video_2.a_CVC,R_45_2A,Post,1547997618566,Check wire in long axis,Install Guidewire,1/20/2019 1:15:12,1/20/2019 1:15:15,912,915
1547997805806-video_2.a_CVC,R_45_2A,Post,1547997623560,Wire in good position,Install Guidewire,1/20/2019 1:15:16,1/20/2019 1:15:16,916,916
1547997805806-video_2.a_CVC,R_45_2A,Post,1547997628491,Widen pathway,Install Catheter,1/20/2019 1:15:21,1/20/2019 1:15:29,921,929
1547997805806-video_2.a_CVC,R_45_2A,Post,1547997637912,Advance catheter,Install Catheter,1/20/2019 1:15:31,1/20/2019 1:16:59,931,1019
1547997805806-video_2.a_CVC,R_45_2A,Post,1547997727799,Remove guidewire,Install Catheter,1/20/2019 1:17:01,1/20/2019 1:17:39,1021,1059
1547997805806-video_2.a_CVC,R_45_2A,Post,1547997786888,Check flow and reflow,Install Catheter,1/20/2019 1:18:00,1/20/2019 1:18:11,1080,1091
1547997805806-video_2.a_CVC,R_45_2A,Post,1547997799633,Check catheter position,Install Catheter,1/20/2019 1:18:13,1/20/2019 1:18:15,1093,1095
1548033283992-video_2.b_CVC,R_46_2B,Post,1548032219644,Prepare implements,Operator and Patient Preparation,1/21/2019 1:00:12,1/21/2019 1:00:30,12,30
1548033283992-video_2.b_CVC,R_46_2B,Post,1548032238713,Get in sterile clothes,Operator and Patient Preparation,1/21/2019 1:00:31,1/21/2019 1:00:54,31,54
1548033283992-video_2.b_CVC,R_46_2B,Post,1548032262182,Hand washing,Operator and Patient Preparation,1/21/2019 1:00:55,1/21/2019 1:01:07,55,67
1548033283992-video_2.b_CVC,R_46_2B,Post,1548032276103,Get in sterile clothes,Operator and Patient Preparation,1/21/2019 1:01:09,1/21/2019 1:02:26,69,146
1548033283992-video_2.b_CVC,R_46_2B,Post,1548032331154,Prepare implements,Operator and Patient Preparation,1/21/2019 1:02:29,1/21/2019 1:03:53,149,233
1548033283992-video_2.b_CVC,R_46_2B,Post,1548032419185,Ultrasound configuration,Ultrasound Preparation,1/21/2019 1:03:57,1/21/2019 1:04:16,237,256
1548033283992-video_2.b_CVC,R_46_2B,Post,1548032440955,Clean puncture area,Operator and Patient Preparation,1/21/2019 1:04:18,1/21/2019 1:04:27,258,267
1548033283992-video_2.b_CVC,R_46_2B,Post,1548032497890,Drap puncture area,Operator and Patient Preparation,1/21/2019 1:04:31,1/21/2019 1:05:05,271,305
1548033283992-video_2.b_CVC,R_46_2B,Post,1548032546791,Gel in probe,Ultrasound Preparation,1/21/2019 1:05:20,1/21/2019 1:05:22,320,322
1548033283992-video_2.b_CVC,R_46_2B,Post,1548032550766,Cover probe,Ultrasound Preparation,1/21/2019 1:05:24,1/21/2019 1:06:33,324,393
1548033283992-video_2.b_CVC,R_46_2B,Post,1548032623720,Put sterile gel,Ultrasound Preparation,1/21/2019 1:06:36,1/21/2019 1:06:43,396,403
1548033283992-video_2.b_CVC,R_46_2B,Post,1548032631707,Position probe,Ultrasound Preparation,1/21/2019 1:06:44,1/21/2019 1:06:48,404,408
1548033283992-video_2.b_CVC,R_46_2B,Post,1548032639747,Anatomic identification,Locate Structures,1/21/2019 1:06:52,1/21/2019 1:06:52,412,412
1548033283992-video_2.b_CVC,R_46_2B,Post,1548032642157,Ultrasound configuration,Ultrasound Preparation,1/21/2019 1:06:55,1/21/2019 1:07:19,415,439
1548033283992-video_2.b_CVC,R_46_2B,Post,1548032753146,Compression identification,Locate Structures,1/21/2019 1:07:48,1/21/2019 1:07:48,468,468
1548033283992-video_2.b_CVC,R_46_2B,Post,1548032768843,Prepare implements,Operator and Patient Preparation,1/21/2019 1:07:58,1/21/2019 1:08:06,478,486
1548033283992-video_2.b_CVC,R_46_2B,Post,1548032778746,Anesthetize,Venous puncture,1/21/2019 1:08:08,1/21/2019 1:08:16,488,496
1548033283992-video_2.b_CVC,R_46_2B,Post,1548032838243,Puncture,Venous puncture,1/21/2019 1:09:08,1/21/2019 1:09:43,548,583
1548033283992-video_2.b_CVC,R_46_2B,Post,1548032912401,Blood return,Venous puncture,1/21/2019 1:09:42,1/21/2019 1:09:42,582,582
1548033283992-video_2.b_CVC,R_46_2B,Post,1548032914183,Drop probe,Install Guidewire,1/21/2019 1:09:44,1/21/2019 1:09:44,584,584
1548033283992-video_2.b_CVC,R_46_2B,Post,1548032918288,Remove syringe,Install Guidewire,1/21/2019 1:09:48,1/21/2019 1:09:48,588,588
1548033283992-video_2.b_CVC,R_46_2B,Post,1548032924349,Guidewire install,Install Guidewire,1/21/2019 1:09:54,1/21/2019 1:10:20,594,620
1548033283992-video_2.b_CVC,R_46_2B,Post,1548033020388,Remove trocar,Install Guidewire,1/21/2019 1:10:22,1/21/2019 1:10:25,622,625
1548033283992-video_2.b_CVC,R_46_2B,Post,1548033026951,Check wire in short axis,Install Guidewire,1/21/2019 1:10:26,1/21/2019 1:10:31,626,631
1548033283992-video_2.b_CVC,R_46_2B,Post,1548033072839,Check wire in long axis,Install Guidewire,1/21/2019 1:10:33,1/21/2019 1:10:39,633,639
1548033283992-video_2.b_CVC,R_46_2B,Post,1548033080085,Wire in good position,Install Guidewire,1/21/2019 1:10:40,1/21/2019 1:10:40,640,640
1548033283992-video_2.b_CVC,R_46_2B,Post,1548033085011,Widen pathway,Install Catheter,1/21/2019 1:10:45,1/21/2019 1:11:17,645,677
1548033283992-video_2.b_CVC,R_46_2B,Post,1548033121667,Advance catheter,Install Catheter,1/21/2019 1:11:22,1/21/2019 1:12:31,682,751
1548033283992-video_2.b_CVC,R_46_2B,Post,1548033201430,Remove guidewire,Install Catheter,1/21/2019 1:12:33,1/21/2019 1:12:47,753,767
1548033283992-video_2.b_CVC,R_46_2B,Post,1548033218901,Check flow and reflow,Install Catheter,1/21/2019 1:12:51,1/21/2019 1:13:47,771,827
1548033283992-video_2.b_CVC,R_46_2B,Post,1548033277311,Check catheter position,Install Catheter,1/21/2019 1:13:49,1/21/2019 1:13:51,829,831
1548034300723-video_2.c_CVC,R_47_2C,Post,1548033505654,Prepare implements,Operator and Patient Preparation,1/21/2019 1:00:21,1/21/2019 1:00:50,21,50
1548034300723-video_2.c_CVC,R_47_2C,Post,1548033535499,Get in sterile clothes,Operator and Patient Preparation,1/21/2019 1:01:03,1/21/2019 1:01:29,63,89
1548034300723-video_2.c_CVC,R_47_2C,Post,1548033570039,Hand washing,Operator and Patient Preparation,1/21/2019 1:01:30,1/21/2019 1:01:36,90,96
1548034300723-video_2.c_CVC,R_47_2C,Post,1548033618509,Get in sterile clothes,Operator and Patient Preparation,1/21/2019 1:01:37,1/21/2019 1:03:11,97,191
1548034300723-video_2.c_CVC,R_47_2C,Post,1548033731157,Prepare implements,Operator and Patient Preparation,1/21/2019 1:03:12,1/21/2019 1:04:36,192,276
1548034300723-video_2.c_CVC,R_47_2C,Post,1548033831894,Clean puncture area,Operator and Patient Preparation,1/21/2019 1:04:53,1/21/2019 1:05:05,293,305
1548034300723-video_2.c_CVC,R_47_2C,Post,1548033849772,Drap puncture area,Operator and Patient Preparation,1/21/2019 1:05:11,1/21/2019 1:05:31,311,331
1548034300723-video_2.c_CVC,R_47_2C,Post,1548033884093,Gel in probe,Ultrasound Preparation,1/21/2019 1:05:45,1/21/2019 1:05:45,345,345
1548034300723-video_2.c_CVC,R_47_2C,Post,1548033900908,Cover probe,Ultrasound Preparation,1/21/2019 1:06:02,1/21/2019 1:06:43,362,403
1548034300723-video_2.c_CVC,R_47_2C,Post,1548033987957,Put sterile gel,Ultrasound Preparation,1/21/2019 1:07:01,1/21/2019 1:07:01,421,421
1548034300723-video_2.c_CVC,R_47_2C,Post,1548033996675,Position probe,Ultrasound Preparation,1/21/2019 1:07:09,1/21/2019 1:07:09,429,429
1548034300723-video_2.c_CVC,R_47_2C,Post,1548034011406,Compression identification,Locate Structures,1/21/2019 1:07:24,1/21/2019 1:07:24,444,444
1548034300723-video_2.c_CVC,R_47_2C,Post,1548034018490,Anatomic identification,Locate Structures,1/21/2019 1:07:26,1/21/2019 1:07:26,446,446
1548034300723-video_2.c_CVC,R_47_2C,Post,1548034038559,Anesthetize,Venous puncture,1/21/2019 1:07:43,1/21/2019 1:07:47,463,467
1548034300723-video_2.c_CVC,R_47_2C,Post,1548034066180,Ultrasound configuration,Ultrasound Preparation,1/21/2019 1:07:59,1/21/2019 1:08:22,479,502
1548034300723-video_2.c_CVC,R_47_2C,Post,1548034100800,Puncture,Venous puncture,1/21/2019 1:08:34,1/21/2019 1:08:57,514,537
1548034300723-video_2.c_CVC,R_47_2C,Post,1548034124774,Blood return,Venous puncture,1/21/2019 1:08:58,1/21/2019 1:08:58,538,538
1548034300723-video_2.c_CVC,R_47_2C,Post,1548034126625,Drop probe,Install Guidewire,1/21/2019 1:09:00,1/21/2019 1:09:00,540,540
1548034300723-video_2.c_CVC,R_47_2C,Post,1548034130573,Remove syringe,Install Guidewire,1/21/2019 1:09:04,1/21/2019 1:09:04,544,544
1548034300723-video_2.c_CVC,R_47_2C,Post,1548034133357,Guidewire install,Install Guidewire,1/21/2019 1:09:07,1/21/2019 1:09:20,547,560
1548034300723-video_2.c_CVC,R_47_2C,Post,1548034149019,Remove trocar,Install Guidewire,1/21/2019 1:09:22,1/21/2019 1:09:24,562,564
1548034300723-video_2.c_CVC,R_47_2C,Post,1548034155892,Check wire in long axis,Install Guidewire,1/21/2019 1:09:29,1/21/2019 1:09:36,569,576
1548034300723-video_2.c_CVC,R_47_2C,Post,1548034170772,Widen pathway,Install Catheter,1/21/2019 1:09:44,1/21/2019 1:09:57,584,597
1548034300723-video_2.c_CVC,R_47_2C,Post,1548034187948,Advance catheter,Install Catheter,1/21/2019 1:10:01,1/21/2019 1:11:09,601,669
1548034300723-video_2.c_CVC,R_47_2C,Post,1548034257183,Remove guidewire,Install Catheter,1/21/2019 1:11:10,1/21/2019 1:11:34,670,694
1548034300723-video_2.c_CVC,R_47_2C,Post,1548034282387,Check flow and reflow,Install Catheter,1/21/2019 1:11:36,1/21/2019 1:11:45,696,705
1548034300723-video_2.c_CVC,R_47_2C,Post,1548034292891,Check catheter position,Install Catheter,1/21/2019 1:11:46,1/21/2019 1:11:48,706,708
1548037113729-video_2.d_CVC,R_48_2D,Post,1548034477416,Get in sterile clothes,Operator and Patient Preparation,1/21/2019 1:00:37,1/21/2019 1:01:02,37,62
1548037113729-video_2.d_CVC,R_48_2D,Post,1548034503659,Hand washing,Operator and Patient Preparation,1/21/2019 1:01:04,1/21/2019 1:01:23,64,83
1548037113729-video_2.d_CVC,R_48_2D,Post,1548034619294,Get in sterile clothes,Operator and Patient Preparation,1/21/2019 1:01:24,1/21/2019 1:03:12,84,192
1548037113729-video_2.d_CVC,R_48_2D,Post,1548034731967,Position patient,Locate Structures,1/21/2019 1:03:13,1/21/2019 1:03:14,193,194
1548037113729-video_2.d_CVC,R_48_2D,Post,1548034773441,Clean puncture area,Operator and Patient Preparation,1/21/2019 1:03:36,1/21/2019 1:04:10,216,250
1548037113729-video_2.d_CVC,R_48_2D,Post,1548034984988,Drap puncture area,Operator and Patient Preparation,1/21/2019 1:04:20,1/21/2019 1:04:56,260,296
1548037113729-video_2.d_CVC,R_48_2D,Post,1548035023435,Prepare implements,Operator and Patient Preparation,1/21/2019 1:04:59,1/21/2019 1:06:33,299,393
1548037113729-video_2.d_CVC,R_48_2D,Post,1548035120472,Ultrasound configuration,Ultrasound Preparation,1/21/2019 1:06:36,1/21/2019 1:07:13,396,433
1548037113729-video_2.d_CVC,R_48_2D,Post,1548035172244,Prepare implements,Operator and Patient Preparation,1/21/2019 1:07:17,1/21/2019 1:07:23,437,443
1548037113729-video_2.d_CVC,R_48_2D,Post,1548035244440,Gel in probe,Ultrasound Preparation,1/21/2019 1:08:00,1/21/2019 1:08:02,480,482
1548037113729-video_2.d_CVC,R_48_2D,Post,1548035249555,Cover probe,Ultrasound Preparation,1/21/2019 1:08:05,1/21/2019 1:09:21,485,561
1548037113729-video_2.d_CVC,R_48_2D,Post,1548035363372,Put sterile gel,Ultrasound Preparation,1/21/2019 1:09:28,1/21/2019 1:09:46,568,586
1548037113729-video_2.d_CVC,R_48_2D,Post,1548035410318,Position probe,Ultrasound Preparation,1/21/2019 1:10:15,1/21/2019 1:10:15,615,615
1548037113729-video_2.d_CVC,R_48_2D,Post,1548035415562,Ultrasound configuration,Ultrasound Preparation,1/21/2019 1:10:20,1/21/2019 1:10:28,620,628
1548037113729-video_2.d_CVC,R_48_2D,Post,1548035431858,Anatomic identification,Locate Structures,1/21/2019 1:10:37,1/21/2019 1:10:37,637,637
1548037113729-video_2.d_CVC,R_48_2D,Post,1548035436175,Compression identification,Locate Structures,1/21/2019 1:10:41,1/21/2019 1:10:41,641,641
1548037113729-video_2.d_CVC,R_48_2D,Post,1548035464822,Anesthetize,Venous puncture,1/21/2019 1:11:10,1/21/2019 1:11:44,670,704
1548037113729-video_2.d_CVC,R_48_2D,Post,1548035519596,Puncture,Venous puncture,1/21/2019 1:12:04,1/21/2019 1:12:47,724,767
1548037113729-video_2.d_CVC,R_48_2D,Post,1548035563463,Blood return,Venous puncture,1/21/2019 1:12:48,1/21/2019 1:12:48,768,768
1548037113729-video_2.d_CVC,R_48_2D,Post,1548035564910,Drop probe,Install Guidewire,1/21/2019 1:12:50,1/21/2019 1:12:50,770,770
1548037113729-video_2.d_CVC,R_48_2D,Post,1548035568730,Remove syringe,Install Guidewire,1/21/2019 1:12:53,1/21/2019 1:12:53,773,773
1548037113729-video_2.d_CVC,R_48_2D,Post,1548035575177,Guidewire install,Install Guidewire,1/21/2019 1:13:00,1/21/2019 1:13:41,780,821
1548037113729-video_2.d_CVC,R_48_2D,Post,1548035656776,Remove trocar,Install Guidewire,1/21/2019 1:13:43,1/21/2019 1:13:50,823,830
1548037113729-video_2.d_CVC,R_48_2D,Post,1548035665915,Check wire in short axis,Install Guidewire,1/21/2019 1:13:53,1/21/2019 1:14:19,833,859
1548037113729-video_2.d_CVC,R_48_2D,Post,1548035693298,Check wire in long axis,Install Guidewire,1/21/2019 1:14:20,1/21/2019 1:14:57,860,897
1548037113729-video_2.d_CVC,R_48_2D,Post,1548035731904,Check wire in short axis,Install Guidewire,1/21/2019 1:14:59,1/21/2019 1:15:02,899,902
1548037113729-video_2.d_CVC,R_48_2D,Post,1548035736481,Wire in good position,Install Guidewire,1/21/2019 1:15:03,1/21/2019 1:15:03,903,903
1548037113729-video_2.d_CVC,R_48_2D,Post,1548036368128,Widen pathway,Install Catheter,1/21/2019 1:15:11,1/21/2019 1:15:35,911,935
1548037113729-video_2.d_CVC,R_48_2D,Post,1548036401945,Advance catheter,Install Catheter,1/21/2019 1:15:44,1/21/2019 1:17:37,944,1057
1548037113729-video_2.d_CVC,R_48_2D,Post,1548036530549,Advance catheter,Install Catheter,1/21/2019 1:17:52,1/21/2019 1:19:27,1072,1167
1548037113729-video_2.d_CVC,R_48_2D,Post,1548036732878,Advance catheter,Install Catheter,1/21/2019 1:19:36,1/21/2019 1:20:16,1176,1216
1548037113729-video_2.d_CVC,R_48_2D,Post,1548036793965,Advance catheter,Install Catheter,1/21/2019 1:20:37,1/21/2019 1:21:49,1237,1309
1548037113729-video_2.d_CVC,R_48_2D,Post,1548036876217,Check wire in short axis,Install Guidewire,1/21/2019 1:21:59,1/21/2019 1:21:59,1319,1319
1548037113729-video_2.d_CVC,R_48_2D,Post,1548036887540,Check wire in long axis,Install Guidewire,1/21/2019 1:22:10,1/21/2019 1:22:19,1330,1339
1548037113729-video_2.d_CVC,R_48_2D,Post,1548036901847,Advance catheter,Install Catheter,1/21/2019 1:22:24,1/21/2019 1:23:50,1344,1430
1548037113729-video_2.d_CVC,R_48_2D,Post,1548037009219,Advance catheter,Install Catheter,1/21/2019 1:24:12,1/21/2019 1:25:06,1452,1506
1548037113729-video_2.d_CVC,R_48_2D,Post,1548037064871,Remove guidewire,Install Catheter,1/21/2019 1:25:07,1/21/2019 1:25:27,1507,1527
1548037113729-video_2.d_CVC,R_48_2D,Post,1548037090321,Check flow and reflow,Install Catheter,1/21/2019 1:25:33,1/21/2019 1:25:50,1533,1550
1548037113729-video_2.d_CVC,R_48_2D,Post,1548037108560,Check catheter position,Install Catheter,1/21/2019 1:25:51,1/21/2019 1:25:54,1551,1554
1539316889981-video_3.1_CVC,R_31_1G,Pre,1539314781034,Prepare implements,Operator and Patient Preparation,10/12/2018 3:01:21,10/12/2018 3:02:05,81,125
1539316889981-video_3.1_CVC,R_31_1G,Pre,1539314820153,Ultrasound configuration,Ultrasound Preparation,10/12/2018 3:02:12,10/12/2018 3:02:55,132,175
1539316889981-video_3.1_CVC,R_31_1G,Pre,1539314889315,Position patient,Locate Structures,10/12/2018 3:03:22,10/12/2018 3:03:29,202,209
1539316889981-video_3.1_CVC,R_31_1G,Pre,1539314920863,Hand washing,Operator and Patient Preparation,10/12/2018 3:03:53,10/12/2018 3:05:05,233,305
1539316889981-video_3.1_CVC,R_31_1G,Pre,1539314983804,Get in sterile clothes,Operator and Patient Preparation,10/12/2018 3:05:07,10/12/2018 3:06:42,307,402
1539316889981-video_3.1_CVC,R_31_1G,Pre,1539315036302,Prepare implements,Operator and Patient Preparation,10/12/2018 3:06:49,10/12/2018 3:07:12,409,432
1539316889981-video_3.1_CVC,R_31_1G,Pre,1539315071975,Clean puncture area,Operator and Patient Preparation,10/12/2018 3:07:07,10/12/2018 3:07:26,427,446
1539316889981-video_3.1_CVC,R_31_1G,Pre,1539315096634,Prepare implements,Operator and Patient Preparation,10/12/2018 3:07:33,10/12/2018 3:08:09,453,489
1539316889981-video_3.1_CVC,R_31_1G,Pre,1539315135824,Anesthetize,Venous puncture,10/12/2018 3:08:13,10/12/2018 3:08:18,493,498
1539316889981-video_3.1_CVC,R_31_1G,Pre,1539315146748,Drap puncture area,Operator and Patient Preparation,10/12/2018 3:08:23,10/12/2018 3:08:57,503,537
1539316889981-video_3.1_CVC,R_31_1G,Pre,1539315187320,Prepare implements,Operator and Patient Preparation,10/12/2018 3:09:04,10/12/2018 3:10:37,544,637
1539316889981-video_3.1_CVC,R_31_1G,Pre,1539315263188,Gel in probe,Ultrasound Preparation,10/12/2018 3:10:20,10/12/2018 3:10:28,620,628
1539316889981-video_3.1_CVC,R_31_1G,Pre,1539315285826,Cover probe,Ultrasound Preparation,10/12/2018 3:10:42,10/12/2018 3:13:30,642,810
1539316889981-video_3.1_CVC,R_31_1G,Pre,1539315470121,Put sterile gel,Ultrasound Preparation,10/12/2018 3:13:47,10/12/2018 3:13:55,827,835
1539316889981-video_3.1_CVC,R_31_1G,Pre,1539315510894,Prepare implements,Operator and Patient Preparation,10/12/2018 3:14:27,10/12/2018 3:15:34,867,934
1539316889981-video_3.1_CVC,R_31_1G,Pre,1539315609856,Anesthetize,Venous puncture,10/12/2018 3:16:06,10/12/2018 3:16:11,966,971
1539316889981-video_3.1_CVC,R_31_1G,Pre,1539315653463,Prepare implements,Operator and Patient Preparation,10/12/2018 3:16:12,10/12/2018 3:17:10,972,1030
1539316889981-video_3.1_CVC,R_31_1G,Pre,1539315717840,Put sterile gel,Ultrasound Preparation,10/12/2018 3:17:17,10/12/2018 3:17:21,1037,1041
1539316889981-video_3.1_CVC,R_31_1G,Pre,1539315778330,Position probe,Ultrasound Preparation,10/12/2018 3:17:33,10/12/2018 3:17:33,1053,1053
1539316889981-video_3.1_CVC,R_31_1G,Pre,1539315787779,Anatomic identification,Locate Structures,10/12/2018 3:17:43,10/12/2018 3:17:43,1063,1063
1539316889981-video_3.1_CVC,R_31_1G,Pre,1539315791982,Ultrasound configuration,Ultrasound Preparation,10/12/2018 3:17:47,10/12/2018 3:18:46,1067,1126
1539316889981-video_3.1_CVC,R_31_1G,Pre,1539315853307,Anatomic identification,Locate Structures,10/12/2018 3:18:48,10/12/2018 3:19:10,1128,1150
1539316889981-video_3.1_CVC,R_31_1G,Pre,1539315875646,Compression identification,Locate Structures,10/12/2018 3:19:11,10/12/2018 3:19:21,1151,1161
1539316889981-video_3.1_CVC,R_31_1G,Pre,1539315887012,Doppler identification,Locate Structures,10/12/2018 3:19:22,10/12/2018 3:19:44,1162,1184
1539316889981-video_3.1_CVC,R_31_1G,Pre,1539316068443,Puncture,Venous puncture,10/12/2018 3:20:33,10/12/2018 3:21:38,1233,1298
1539316889981-video_3.1_CVC,R_31_1G,Pre,1539316134266,Blood return,Venous puncture,10/12/2018 3:21:39,10/12/2018 3:21:39,1299,1299
1539316889981-video_3.1_CVC,R_31_1G,Pre,1539316136552,Drop probe,Install Guidewire,10/12/2018 3:21:41,10/12/2018 3:21:41,1301,1301
1539316889981-video_3.1_CVC,R_31_1G,Pre,1539316140764,Remove syringe,Install Guidewire,10/12/2018 3:21:45,10/12/2018 3:21:45,1305,1305
1539316889981-video_3.1_CVC,R_31_1G,Pre,1539316147172,Guidewire install,Install Guidewire,10/12/2018 3:21:52,10/12/2018 3:22:54,1312,1374
1539316889981-video_3.1_CVC,R_31_1G,Pre,1539316210767,Remove trocar,Install Guidewire,10/12/2018 3:22:55,10/12/2018 3:22:55,1375,1375
1539316889981-video_3.1_CVC,R_31_1G,Pre,1539316222622,Widen pathway,Install Catheter,10/12/2018 3:23:07,10/12/2018 3:23:29,1387,1409
1539316889981-video_3.1_CVC,R_31_1G,Pre,1539316247735,Advance catheter,Install Catheter,10/12/2018 3:23:32,10/12/2018 3:24:37,1412,1477
1539316889981-video_3.1_CVC,R_31_1G,Pre,1539316309767,Remove guidewire,Install Catheter,10/12/2018 3:24:34,10/12/2018 3:24:34,1474,1474
1539316889981-video_3.1_CVC,R_31_1G,Pre,1539316327078,Check flow and reflow,Install Catheter,10/12/2018 3:24:52,10/12/2018 3:25:48,1492,1548
1539316889981-video_3.1_CVC,R_31_1G,Pre,1539316399805,Position probe,Ultrasound Preparation,10/12/2018 3:26:04,10/12/2018 3:26:04,1564,1564
1539316889981-video_3.1_CVC,R_31_1G,Pre,1539316409960,Anatomic identification,Locate Structures,10/12/2018 3:26:15,10/12/2018 3:26:15,1575,1575
1539316889981-video_3.1_CVC,R_31_1G,Pre,1539316442527,Puncture,Venous puncture,10/12/2018 3:26:47,10/12/2018 3:27:29,1607,1649
1539316889981-video_3.1_CVC,R_31_1G,Pre,1539316485661,Blood return,Venous puncture,10/12/2018 3:27:30,10/12/2018 3:27:30,1650,1650
1539316889981-video_3.1_CVC,R_31_1G,Pre,1539316487082,Drop probe,Install Guidewire,10/12/2018 3:27:32,10/12/2018 3:27:32,1652,1652
1539316889981-video_3.1_CVC,R_31_1G,Pre,1539316499159,Remove syringe,Install Guidewire,10/12/2018 3:27:44,10/12/2018 3:27:44,1664,1664
1539316889981-video_3.1_CVC,R_31_1G,Pre,1539316500693,Guidewire install,Install Guidewire,10/12/2018 3:27:45,10/12/2018 3:29:47,1665,1787
1539316889981-video_3.1_CVC,R_31_1G,Pre,1539316623977,Remove trocar,Install Guidewire,10/12/2018 3:29:49,10/12/2018 3:29:49,1789,1789
1539316889981-video_3.1_CVC,R_31_1G,Pre,1539316633530,Check wire in short axis,Install Guidewire,10/12/2018 3:29:58,10/12/2018 3:30:05,1798,1805
1539316889981-video_3.1_CVC,R_31_1G,Pre,1539316641054,Check wire in long axis,Install Guidewire,10/12/2018 3:30:06,10/12/2018 3:30:50,1806,1850
1539316889981-video_3.1_CVC,R_31_1G,Pre,1539316750289,Widen pathway,Install Catheter,10/12/2018 3:31:19,10/12/2018 3:31:22,1879,1882
1539316889981-video_3.1_CVC,R_31_1G,Pre,1539316753797,Advance catheter,Install Catheter,10/12/2018 4:31:23,10/12/2018 4:33:26,1883,2006
1539734942389-video_3.2_CVC,R_32_1H,Pre,1539733614361,Get in sterile clothes,Operator and Patient Preparation,10/16/2018 23:01:19,10/16/2018 23:01:25,79,85
1539734942389-video_3.2_CVC,R_32_1H,Pre,1539733621135,Hand washing,Operator and Patient Preparation,10/16/2018 23:01:26,10/16/2018 23:03:10,86,190
1539734942389-video_3.2_CVC,R_32_1H,Pre,1539733750863,Get in sterile clothes,Operator and Patient Preparation,10/16/2018 23:03:36,10/16/2018 23:05:25,216,325
1539734942389-video_3.2_CVC,R_32_1H,Pre,1539733846612,Clean puncture area,Operator and Patient Preparation,10/16/2018 23:05:34,10/16/2018 23:06:03,334,363
1539734942389-video_3.2_CVC,R_32_1H,Pre,1539733886204,Drap puncture area,Operator and Patient Preparation,10/16/2018 23:06:18,10/16/2018 23:06:56,378,416
1539734942389-video_3.2_CVC,R_32_1H,Pre,1539733949704,Prepare implements,Operator and Patient Preparation,10/16/2018 23:07:22,10/16/2018 23:09:06,442,546
1539734942389-video_3.2_CVC,R_32_1H,Pre,1539734016423,Cover probe,Ultrasound Preparation,10/16/2018 23:09:18,10/16/2018 23:10:20,558,620
1539734942389-video_3.2_CVC,R_32_1H,Pre,1539734051370,Gel in probe,Ultrasound Preparation,10/16/2018 23:09:35,10/16/2018 23:09:50,575,590
1539734942389-video_3.2_CVC,R_32_1H,Pre,1539734113552,Prepare implements,Operator and Patient Preparation,10/16/2018 23:10:37,10/16/2018 23:11:39,637,699
1539734942389-video_3.2_CVC,R_32_1H,Pre,1539734186794,Ultrasound configuration,Ultrasound Preparation,10/16/2018 23:11:51,10/16/2018 23:12:26,711,746
1539734942389-video_3.2_CVC,R_32_1H,Pre,1539734223792,Put sterile gel,Ultrasound Preparation,10/16/2018 23:12:28,10/16/2018 23:12:34,748,754
1539734942389-video_3.2_CVC,R_32_1H,Pre,1539734246216,Position probe,Ultrasound Preparation,10/16/2018 23:12:50,10/16/2018 23:12:50,770,770
1539734942389-video_3.2_CVC,R_32_1H,Pre,1539734258643,Anatomic identification,Locate Structures,10/16/2018 23:13:03,10/16/2018 23:13:03,783,783
1539734942389-video_3.2_CVC,R_32_1H,Pre,1539734271042,Ultrasound configuration,Ultrasound Preparation,10/16/2018 23:13:15,10/16/2018 23:13:21,795,801
1539734942389-video_3.2_CVC,R_32_1H,Pre,1539734286330,Compression identification,Locate Structures,10/16/2018 23:13:30,10/16/2018 23:13:30,810,810
1539734942389-video_3.2_CVC,R_32_1H,Pre,1539734316682,Prepare implements,Operator and Patient Preparation,10/16/2018 23:14:01,10/16/2018 23:15:20,841,920
1539734942389-video_3.2_CVC,R_32_1H,Pre,1539734404002,Position probe,Ultrasound Preparation,10/17/2018 0:15:28,10/17/2018 0:15:28,928,928
1539734942389-video_3.2_CVC,R_32_1H,Pre,1539734420973,Anesthetize,Venous puncture,10/17/2018 0:15:45,10/17/2018 0:15:50,945,950
1539734942389-video_3.2_CVC,R_32_1H,Pre,1539734444098,Puncture,Venous puncture,10/17/2018 0:16:08,10/17/2018 0:16:55,968,1015
1539734942389-video_3.2_CVC,R_32_1H,Pre,1539734492276,Blood return,Venous puncture,10/17/2018 0:16:56,10/17/2018 0:16:56,1016,1016
1539734942389-video_3.2_CVC,R_32_1H,Pre,1539734493839,Drop probe,Install Guidewire,10/17/2018 0:16:58,10/17/2018 0:16:58,1018,1018
1539734942389-video_3.2_CVC,R_32_1H,Pre,1539734498259,Remove syringe,Install Guidewire,10/17/2018 0:17:02,10/17/2018 0:17:20,1022,1040
1539734942389-video_3.2_CVC,R_32_1H,Pre,1539734522732,Check wire in short axis,Install Guidewire,10/17/2018 0:17:27,10/17/2018 0:17:36,1047,1056
1539734942389-video_3.2_CVC,R_32_1H,Pre,1539734533627,Check wire in long axis,Install Guidewire,10/17/2018 0:17:38,10/17/2018 0:17:43,1058,1063
1539734942389-video_3.2_CVC,R_32_1H,Pre,1539734551077,Guidewire install,Install Guidewire,10/17/2018 0:17:55,10/17/2018 0:18:54,1075,1134
1539734942389-video_3.2_CVC,R_32_1H,Pre,1539734614151,Blood return,Venous puncture,10/17/2018 0:18:58,10/17/2018 0:19:23,1138,1163
1539734942389-video_3.2_CVC,R_32_1H,Pre,1539734641826,Guidewire install,Install Guidewire,10/17/2018 0:19:26,10/17/2018 0:19:54,1166,1194
1539734942389-video_3.2_CVC,R_32_1H,Pre,1539734664191,Check wire in short axis,Install Guidewire,10/17/2018 0:19:48,10/17/2018 0:19:48,1188,1188
1539734942389-video_3.2_CVC,R_32_1H,Pre,1539734674181,Remove trocar,Install Guidewire,10/17/2018 0:19:58,10/17/2018 0:20:02,1198,1202
1539734942389-video_3.2_CVC,R_32_1H,Pre,1539734681937,Check wire in short axis,Install Guidewire,10/17/2018 0:20:06,10/17/2018 0:20:16,1206,1216
1539734942389-video_3.2_CVC,R_32_1H,Pre,1539734693081,Check wire in long axis,Install Guidewire,10/17/2018 0:20:17,10/17/2018 0:20:40,1217,1240
1539734942389-video_3.2_CVC,R_32_1H,Pre,1539734833396,Widen pathway,Install Catheter,10/17/2018 0:20:47,10/17/2018 0:20:53,1247,1253
1539734942389-video_3.2_CVC,R_32_1H,Pre,1539734838540,Advance catheter,Install Catheter,10/17/2018 0:20:55,10/17/2018 0:22:26,1255,1346
1539734942389-video_3.2_CVC,R_32_1H,Pre,1539734902930,Remove guidewire,Install Catheter,10/17/2018 0:22:31,10/17/2018 0:22:57,1351,1377
1539734942389-video_3.2_CVC,R_32_1H,Pre,1539734922686,Check flow and reflow,Install Catheter,10/17/2018 0:23:01,10/17/2018 0:23:14,1381,1394
1539734942389-video_3.2_CVC,R_32_1H,Pre,1539734932605,Check catheter position,Install Catheter,10/17/2018 0:23:16,10/17/2018 0:23:16,1396,1396
1539737717686-video_3.3_CVC,R_33_1L,Pre,1539736432082,Prepare implements,Operator and Patient Preparation,10/17/2018 0:00:38,10/17/2018 0:01:08,38,68
1539737717686-video_3.3_CVC,R_33_1L,Pre,1539736458816,Position patient,Locate Structures,10/17/2018 0:01:05,10/17/2018 0:01:08,65,68
1539737717686-video_3.3_CVC,R_33_1L,Pre,1539736533071,Hand washing,Operator and Patient Preparation,10/17/2018 0:01:44,10/17/2018 0:02:11,104,131
1539737717686-video_3.3_CVC,R_33_1L,Pre,1539736564029,Prepare implements,Operator and Patient Preparation,10/17/2018 0:02:15,10/17/2018 0:02:20,135,140
1539737717686-video_3.3_CVC,R_33_1L,Pre,1539736570275,Get in sterile clothes,Operator and Patient Preparation,10/17/2018 0:02:21,10/17/2018 0:04:33,141,273
1539737717686-video_3.3_CVC,R_33_1L,Pre,1539736661814,Clean puncture area,Operator and Patient Preparation,10/17/2018 0:04:44,10/17/2018 0:05:25,284,325
1539737717686-video_3.3_CVC,R_33_1L,Pre,1539736695753,Prepare implements,Operator and Patient Preparation,10/17/2018 0:05:30,10/17/2018 0:06:51,330,411
1539737717686-video_3.3_CVC,R_33_1L,Pre,1539736751431,Drap puncture area,Operator and Patient Preparation,10/17/2018 0:06:53,10/17/2018 0:07:22,413,442
1539737717686-video_3.3_CVC,R_33_1L,Pre,1539736776086,Prepare implements,Operator and Patient Preparation,10/17/2018 0:07:30,10/17/2018 0:09:04,450,544
1539737717686-video_3.3_CVC,R_33_1L,Pre,1539736843392,Anesthetize,Venous puncture,10/17/2018 0:09:11,10/17/2018 0:09:23,551,563
1539737717686-video_3.3_CVC,R_33_1L,Pre,1539736871531,Cover probe,Ultrasound Preparation,10/17/2018 0:09:54,10/17/2018 0:11:52,594,712
1539737717686-video_3.3_CVC,R_33_1L,Pre,1539736895699,Gel in probe,Ultrasound Preparation,10/17/2018 0:10:30,10/17/2018 0:10:34,630,634
1539737717686-video_3.3_CVC,R_33_1L,Pre,1539736968556,Put sterile gel,Ultrasound Preparation,10/17/2018 0:12:19,10/17/2018 0:12:25,739,745
1539737717686-video_3.3_CVC,R_33_1L,Pre,1539737008292,Anatomic identification,Locate Structures,10/17/2018 0:13:19,10/17/2018 0:13:34,799,814
1539737717686-video_3.3_CVC,R_33_1L,Pre,1539737080909,Ultrasound configuration,Ultrasound Preparation,10/17/2018 0:15:07,10/17/2018 0:16:00,907,960
1539737717686-video_3.3_CVC,R_33_1L,Pre,1539737113710,Compression identification,Locate Structures,10/17/2018 0:15:57,10/17/2018 0:15:57,957,957
1539737717686-video_3.3_CVC,R_33_1L,Pre,1539737131112,Put sterile gel,Ultrasound Preparation,10/17/2018 0:16:23,10/17/2018 0:16:26,983,986
1539737717686-video_3.3_CVC,R_33_1L,Pre,1539737190763,Prepare implements,Operator and Patient Preparation,10/17/2018 0:17:52,10/17/2018 0:17:59,1072,1079
1539737717686-video_3.3_CVC,R_33_1L,Pre,1539737216580,Puncture,Venous puncture,10/17/2018 0:18:31,10/17/2018 0:21:01,1111,1261
1539737717686-video_3.3_CVC,R_33_1L,Pre,1539737317194,Blood return,Venous puncture,10/17/2018 0:21:02,10/17/2018 0:21:05,1262,1265
1539737717686-video_3.3_CVC,R_33_1L,Pre,1539737321684,Drop probe,Install Guidewire,10/17/2018 0:21:09,10/17/2018 0:21:09,1269,1269
1539737717686-video_3.3_CVC,R_33_1L,Pre,1539737325380,Remove syringe,Install Guidewire,10/17/2018 0:21:14,10/17/2018 0:21:14,1274,1274
1539737717686-video_3.3_CVC,R_33_1L,Pre,1539737329104,Guidewire install,Install Guidewire,10/17/2018 0:21:20,10/17/2018 0:21:41,1280,1301
1539737717686-video_3.3_CVC,R_33_1L,Pre,1539737344617,Blood return,Venous puncture,10/17/2018 0:21:43,10/17/2018 0:21:52,1303,1312
1539737717686-video_3.3_CVC,R_33_1L,Pre,1539737351948,Puncture,Venous puncture,10/17/2018 0:21:54,10/17/2018 0:22:34,1314,1354
1539737717686-video_3.3_CVC,R_33_1L,Pre,1539737379493,Blood return,Venous puncture,10/17/2018 0:22:36,10/17/2018 0:22:36,1356,1356
1539737717686-video_3.3_CVC,R_33_1L,Pre,1539737381519,Drop probe,Install Guidewire,10/17/2018 0:22:39,10/17/2018 0:22:39,1359,1359
1539737717686-video_3.3_CVC,R_33_1L,Pre,1539737383887,Remove syringe,Install Guidewire,10/17/2018 0:22:42,10/17/2018 0:22:42,1362,1362
1539737717686-video_3.3_CVC,R_33_1L,Pre,1539737385327,Guidewire install,Install Guidewire,10/17/2018 0:22:44,10/17/2018 0:23:21,1364,1401
1539737717686-video_3.3_CVC,R_33_1L,Pre,1539737412527,Check wire in short axis,Install Guidewire,10/17/2018 0:23:25,10/17/2018 0:23:25,1405,1405
1539737717686-video_3.3_CVC,R_33_1L,Pre,1539737415410,Check wire in long axis,Install Guidewire,10/17/2018 0:23:29,10/17/2018 0:24:09,1409,1449
1539737717686-video_3.3_CVC,R_33_1L,Pre,1539737484328,Remove trocar,Install Guidewire,10/17/2018 0:24:19,10/17/2018 0:24:24,1459,1464
1539737717686-video_3.3_CVC,R_33_1L,Pre,1539737492316,Widen pathway,Install Catheter,10/17/2018 0:24:31,10/17/2018 0:24:52,1471,1492
1539737717686-video_3.3_CVC,R_33_1L,Pre,1539737508791,Advance catheter,Install Catheter,10/17/2018 0:24:56,10/17/2018 0:26:03,1496,1563
1539737717686-video_3.3_CVC,R_33_1L,Pre,1539737584653,Remove guidewire,Install Catheter,10/17/2018 0:26:50,10/17/2018 0:27:07,1610,1627
1539739275781-video_4.5_CVC,R_45_2A,Pre,1539738087104,Ultrasound configuration,Ultrasound Preparation,10/17/2018 1:01:45,10/17/2018 1:02:42,105,162
1539739275781-video_4.5_CVC,R_45_2A,Pre,1539738106443,Anatomic identification,Locate Structures,10/17/2018 1:02:13,10/17/2018 1:02:16,133,136
1539739275781-video_4.5_CVC,R_45_2A,Pre,1539738111044,Compression identification,Locate Structures,10/17/2018 1:02:21,10/17/2018 1:02:24,141,144
1539739275781-video_4.5_CVC,R_45_2A,Pre,1539738156126,Get in sterile clothes,Operator and Patient Preparation,10/17/2018 1:03:28,10/17/2018 1:03:43,208,223
1539739275781-video_4.5_CVC,R_45_2A,Pre,1539738167361,Hand washing,Operator and Patient Preparation,10/17/2018 1:03:45,10/17/2018 1:04:21,225,261
1539739275781-video_4.5_CVC,R_45_2A,Pre,1539738192210,Get in sterile clothes,Operator and Patient Preparation,10/17/2018 1:04:22,10/17/2018 1:06:37,262,397
1539739275781-video_4.5_CVC,R_45_2A,Pre,1539738272651,Prepare implements,Operator and Patient Preparation,10/17/2018 1:06:49,10/17/2018 1:07:17,409,437
1539739275781-video_4.5_CVC,R_45_2A,Pre,1539738356828,Drap puncture area,Operator and Patient Preparation,10/17/2018 1:07:23,10/17/2018 1:07:51,443,471
1539739275781-video_4.5_CVC,R_45_2A,Pre,1539738379024,Prepare implements,Operator and Patient Preparation,10/17/2018 1:07:56,10/17/2018 1:09:56,476,596
1539739275781-video_4.5_CVC,R_45_2A,Pre,1539738465609,Cover probe,Ultrasound Preparation,10/17/2018 1:10:06,10/17/2018 1:12:33,606,753
1539739275781-video_4.5_CVC,R_45_2A,Pre,1539738646131,Put sterile gel,Ultrasound Preparation,10/17/2018 1:13:18,10/17/2018 1:13:25,798,805
1539739275781-video_4.5_CVC,R_45_2A,Pre,1539738659731,Position probe,Ultrasound Preparation,10/17/2018 1:13:31,10/17/2018 1:13:31,811,811
1539739275781-video_4.5_CVC,R_45_2A,Pre,1539738664506,Anatomic identification,Locate Structures,10/17/2018 1:13:36,10/17/2018 1:13:36,816,816
1539739275781-video_4.5_CVC,R_45_2A,Pre,1539738672001,Compression identification,Locate Structures,10/17/2018 1:13:44,10/17/2018 1:13:44,824,824
1539739275781-video_4.5_CVC,R_45_2A,Pre,1539738695264,Puncture,Venous puncture,10/17/2018 1:14:07,10/17/2018 1:15:33,847,933
1539739275781-video_4.5_CVC,R_45_2A,Pre,1539738788842,Puncture,Venous puncture,10/17/2018 1:15:40,10/17/2018 1:16:37,940,997
1539739275781-video_4.5_CVC,R_45_2A,Pre,1539738848218,Puncture,Venous puncture,10/17/2018 1:16:40,10/17/2018 1:17:04,1000,1024
1539739275781-video_4.5_CVC,R_45_2A,Pre,1539738873720,Blood return,Venous puncture,10/17/2018 1:17:05,10/17/2018 1:17:05,1025,1025
1539739275781-video_4.5_CVC,R_45_2A,Pre,1539738877119,Drop probe,Install Guidewire,10/17/2018 1:17:09,10/17/2018 1:17:09,1029,1029
1539739275781-video_4.5_CVC,R_45_2A,Pre,1539738878735,Remove syringe,Install Guidewire,10/17/2018 1:17:10,10/17/2018 1:17:10,1030,1030
1539739275781-video_4.5_CVC,R_45_2A,Pre,1539738882735,Guidewire install,Install Guidewire,10/17/2018 1:17:14,10/17/2018 1:17:14,1034,1034
1539739275781-video_4.5_CVC,R_45_2A,Pre,1539738911228,Check wire in short axis,Install Guidewire,10/17/2018 1:17:43,10/17/2018 1:17:43,1063,1063
1539739275781-video_4.5_CVC,R_45_2A,Pre,1539738925522,Check wire in long axis,Install Guidewire,10/17/2018 1:17:57,10/17/2018 1:17:57,1077,1077
1539739275781-video_4.5_CVC,R_45_2A,Pre,1539738988161,Puncture,Venous puncture,10/17/2018 1:18:13,10/17/2018 1:18:44,1093,1124
1539739275781-video_4.5_CVC,R_45_2A,Pre,1539739022874,Drop probe,Install Guidewire,10/17/2018 1:18:48,10/17/2018 1:18:48,1128,1128
1539739275781-video_4.5_CVC,R_45_2A,Pre,1539739024038,Remove syringe,Install Guidewire,10/17/2018 1:18:49,10/17/2018 1:18:49,1129,1129
1539739275781-video_4.5_CVC,R_45_2A,Pre,1539739027452,Guidewire install,Install Guidewire,10/17/2018 1:18:53,10/17/2018 1:20:13,1133,1213
1539739275781-video_4.5_CVC,R_45_2A,Pre,1539739049918,Check wire in long axis,Install Guidewire,10/17/2018 1:19:15,10/17/2018 1:19:15,1155,1155
1539739275781-video_4.5_CVC,R_45_2A,Pre,1539739074376,Check wire in long axis,Install Guidewire,10/17/2018 1:19:40,10/17/2018 1:20:03,1180,1203
1539739275781-video_4.5_CVC,R_45_2A,Pre,1539739099186,Wire in good position,Install Guidewire,10/17/2018 1:20:04,10/17/2018 1:20:04,1204,1204
1539739275781-video_4.5_CVC,R_45_2A,Pre,1539739110043,Check wire in long axis,Install Guidewire,10/17/2018 1:20:15,10/17/2018 1:20:18,1215,1218
1539739275781-video_4.5_CVC,R_45_2A,Pre,1539739118620,Remove trocar,Install Guidewire,10/17/2018 1:20:24,10/17/2018 1:20:34,1224,1234
1539739275781-video_4.5_CVC,R_45_2A,Pre,1539739141494,Advance catheter,Install Catheter,10/17/2018 1:20:47,10/17/2018 1:21:12,1247,1272
1539739275781-video_4.5_CVC,R_45_2A,Pre,1539739173210,Widen pathway,Install Catheter,10/17/2018 1:21:18,10/17/2018 1:21:58,1278,1318
1539739275781-video_4.5_CVC,R_45_2A,Pre,1539739220660,Advance catheter,Install Catheter,10/17/2018 1:22:06,10/17/2018 1:22:40,1326,1360
1539739275781-video_4.5_CVC,R_45_2A,Pre,1539739248871,Remove guidewire,Install Catheter,10/17/2018 1:22:42,10/17/2018 1:22:45,1362,1365
1539739275781-video_4.5_CVC,R_45_2A,Pre,1539739257212,Check flow and reflow,Install Catheter,10/17/2018 1:22:54,10/17/2018 1:23:10,1374,1390
1539739275781-video_4.5_CVC,R_45_2A,Pre,1539739268307,Check catheter position,Install Catheter,10/17/2018 1:23:11,10/17/2018 1:23:11,1391,1391
1539740347920-video_4.6_CVC,R_46_2B,Pre,1539739506691,Position patient,Locate Structures,10/17/2018 1:00:26,10/17/2018 1:00:29,26,29
1539740347920-video_4.6_CVC,R_46_2B,Pre,1539739519451,Ultrasound configuration,Ultrasound Preparation,10/17/2018 1:00:38,10/17/2018 1:01:27,38,87
1539740347920-video_4.6_CVC,R_46_2B,Pre,1539739564945,Gel in probe,Ultrasound Preparation,10/17/2018 1:01:24,10/17/2018 1:01:24,84,84
1539740347920-video_4.6_CVC,R_46_2B,Pre,1539739586240,Get in sterile clothes,Operator and Patient Preparation,10/17/2018 1:01:13,10/17/2018 1:01:39,73,99
1539740347920-video_4.6_CVC,R_46_2B,Pre,1539739613585,Hand washing,Operator and Patient Preparation,10/17/2018 1:01:40,10/17/2018 1:01:53,100,113
1539740347920-video_4.6_CVC,R_46_2B,Pre,1539739624857,Get in sterile clothes,Operator and Patient Preparation,10/17/2018 1:01:56,10/17/2018 1:03:23,116,203
1539740347920-video_4.6_CVC,R_46_2B,Pre,1539739673082,Prepare implements,Operator and Patient Preparation,10/17/2018 1:03:24,10/17/2018 1:03:34,204,214
1539740347920-video_4.6_CVC,R_46_2B,Pre,1539739684865,Clean puncture area,Operator and Patient Preparation,10/17/2018 1:03:36,10/17/2018 1:04:10,216,250
1539740347920-video_4.6_CVC,R_46_2B,Pre,1539739725572,Drap puncture area,Operator and Patient Preparation,10/17/2018 1:04:17,10/17/2018 1:04:38,257,278
1539740347920-video_4.6_CVC,R_46_2B,Pre,1539739758490,Cover probe,Ultrasound Preparation,10/17/2018 1:04:50,10/17/2018 1:06:41,290,401
1539740347920-video_4.6_CVC,R_46_2B,Pre,1539739846379,Put sterile gel,Ultrasound Preparation,10/17/2018 1:06:50,10/17/2018 1:06:58,410,418
1539740347920-video_4.6_CVC,R_46_2B,Pre,1539739853547,Position probe,Ultrasound Preparation,10/17/2018 1:07:01,10/17/2018 1:07:06,421,426
1539740347920-video_4.6_CVC,R_46_2B,Pre,1539739859761,Anatomic identification,Locate Structures,10/17/2018 1:07:10,10/17/2018 1:07:10,430,430
1539740347920-video_4.6_CVC,R_46_2B,Pre,1539739864564,Compression identification,Locate Structures,10/17/2018 1:07:17,10/17/2018 1:07:17,437,437
1539740347920-video_4.6_CVC,R_46_2B,Pre,1539739891847,Ultrasound configuration,Ultrasound Preparation,10/17/2018 1:07:58,10/17/2018 1:08:13,478,493
1539740347920-video_4.6_CVC,R_46_2B,Pre,1539739914626,Prepare implements,Operator and Patient Preparation,10/17/2018 1:08:32,10/17/2018 1:10:30,512,630
1539740347920-video_4.6_CVC,R_46_2B,Pre,1539739999016,Anesthetize,Venous puncture,10/17/2018 1:10:35,10/17/2018 1:10:53,635,653
1539740347920-video_4.6_CVC,R_46_2B,Pre,1539740045795,Puncture,Venous puncture,10/17/2018 1:11:22,10/17/2018 1:12:39,682,759
1539740347920-video_4.6_CVC,R_46_2B,Pre,1539740126171,Blood return,Venous puncture,10/17/2018 1:12:42,10/17/2018 1:12:42,762,762
1539740347920-video_4.6_CVC,R_46_2B,Pre,1539740129870,Drop probe,Install Guidewire,10/17/2018 1:12:46,10/17/2018 1:12:46,766,766
1539740347920-video_4.6_CVC,R_46_2B,Pre,1539740130994,Remove syringe,Install Guidewire,10/17/2018 1:12:47,10/17/2018 1:12:47,767,767
1539740347920-video_4.6_CVC,R_46_2B,Pre,1539740138350,Guidewire install,Install Guidewire,10/17/2018 1:12:55,10/17/2018 1:13:31,775,811
1539740347920-video_4.6_CVC,R_46_2B,Pre,1539740177345,Remove trocar,Install Guidewire,10/17/2018 1:13:34,10/17/2018 1:13:39,814,819
1539740347920-video_4.6_CVC,R_46_2B,Pre,1539740187133,Check wire in short axis,Install Guidewire,10/17/2018 1:13:43,10/17/2018 1:13:47,823,827
1539740347920-video_4.6_CVC,R_46_2B,Pre,1539740192272,Check wire in long axis,Install Guidewire,10/17/2018 1:13:49,10/17/2018 1:14:15,829,855
1539740347920-video_4.6_CVC,R_46_2B,Pre,1539740227744,Widen pathway,Install Catheter,10/17/2018 1:14:24,10/17/2018 1:14:43,864,883
1539740347920-video_4.6_CVC,R_46_2B,Pre,1539740251008,Advance catheter,Install Catheter,10/17/2018 1:14:47,10/17/2018 1:15:44,887,944
1539740347920-video_4.6_CVC,R_46_2B,Pre,1539740308924,Remove guidewire,Install Catheter,10/17/2018 1:15:45,10/17/2018 1:15:49,945,949
1539740347920-video_4.6_CVC,R_46_2B,Pre,1539740314311,Check flow and reflow,Install Catheter,10/17/2018 1:15:51,10/17/2018 1:16:15,951,975
1539740347920-video_4.6_CVC,R_46_2B,Pre,1539740340845,Check catheter position,Install Catheter,10/17/2018 1:16:17,10/17/2018 1:16:17,977,977
1539831132678-video_4.7_CVC,R_47_2C,Pre,1539830088137,Get in sterile clothes,Operator and Patient Preparation,10/18/2018 2:00:40,10/18/2018 2:00:51,40,51
1539831132678-video_4.7_CVC,R_47_2C,Pre,1539830096810,Hand washing,Operator and Patient Preparation,10/18/2018 2:00:53,10/18/2018 2:01:14,53,74
1539831132678-video_4.7_CVC,R_47_2C,Pre,1539830112799,Get in sterile clothes,Operator and Patient Preparation,10/18/2018 2:01:17,10/18/2018 2:04:07,77,247
1539831132678-video_4.7_CVC,R_47_2C,Pre,1539830258747,Clean puncture area,Operator and Patient Preparation,10/18/2018 2:04:30,10/18/2018 2:04:57,270,297
1539831132678-video_4.7_CVC,R_47_2C,Pre,1539830338661,Drap puncture area,Operator and Patient Preparation,10/18/2018 2:05:03,10/18/2018 2:05:37,303,337
1539831132678-video_4.7_CVC,R_47_2C,Pre,1539830363814,Prepare implements,Operator and Patient Preparation,10/18/2018 2:05:41,10/18/2018 2:07:16,341,436
1539831132678-video_4.7_CVC,R_47_2C,Pre,1539830439515,Gel in probe,Ultrasound Preparation,10/18/2018 2:07:27,10/18/2018 2:07:31,447,451
1539831132678-video_4.7_CVC,R_47_2C,Pre,1539830449192,Cover probe,Ultrasound Preparation,10/18/2018 2:07:37,10/18/2018 2:10:04,457,604
1539831132678-video_4.7_CVC,R_47_2C,Pre,1539830548911,Ultrasound configuration,Ultrasound Preparation,10/18/2018 2:10:14,10/18/2018 2:10:53,614,653
1539831132678-video_4.7_CVC,R_47_2C,Pre,1539830575930,Put sterile gel,Ultrasound Preparation,10/18/2018 2:10:55,10/18/2018 2:11:03,655,663
1539831132678-video_4.7_CVC,R_47_2C,Pre,1539830587049,Position probe,Ultrasound Preparation,10/18/2018 2:11:12,10/18/2018 2:11:12,672,672
1539831132678-video_4.7_CVC,R_47_2C,Pre,1539830591933,Anatomic identification,Locate Structures,10/18/2018 2:11:19,10/18/2018 2:11:19,679,679
1539831132678-video_4.7_CVC,R_47_2C,Pre,1539830596724,Compression identification,Locate Structures,10/18/2018 2:11:26,10/18/2018 2:11:26,686,686
1539831132678-video_4.7_CVC,R_47_2C,Pre,1539830606676,Doppler identification,Locate Structures,10/18/2018 2:11:41,10/18/2018 2:11:41,701,701
1539831132678-video_4.7_CVC,R_47_2C,Pre,1539830651626,Anesthetize,Venous puncture,10/18/2018 2:12:49,10/18/2018 2:12:55,769,775
1539831132678-video_4.7_CVC,R_47_2C,Pre,1539830675906,Puncture,Venous puncture,10/18/2018 2:13:25,10/18/2018 2:18:06,805,1086
1539831132678-video_4.7_CVC,R_47_2C,Pre,1539830864340,Blood return,Venous puncture,10/18/2018 2:18:08,10/18/2018 2:18:08,1088,1088
1539831132678-video_4.7_CVC,R_47_2C,Pre,1539830867560,Drop probe,Install Guidewire,10/18/2018 2:18:12,10/18/2018 2:18:12,1092,1092
1539831132678-video_4.7_CVC,R_47_2C,Pre,1539830870915,Remove syringe,Install Guidewire,10/18/2018 2:18:17,10/18/2018 2:18:17,1097,1097
1539831132678-video_4.7_CVC,R_47_2C,Pre,1539830874394,Guidewire install,Install Guidewire,10/18/2018 2:18:22,10/18/2018 2:19:18,1102,1158
1539831132678-video_4.7_CVC,R_47_2C,Pre,1539830913148,Remove trocar,Install Guidewire,10/18/2018 2:19:21,10/18/2018 2:19:27,1161,1167
1539831132678-video_4.7_CVC,R_47_2C,Pre,1539830921708,Widen pathway,Install Catheter,10/18/2018 2:19:34,10/18/2018 2:20:17,1174,1217
1539831132678-video_4.7_CVC,R_47_2C,Pre,1539830959767,Advance catheter,Install Catheter,10/18/2018 2:20:31,10/18/2018 2:21:46,1231,1306
1539831132678-video_4.7_CVC,R_47_2C,Pre,1539831048890,Remove guidewire,Install Catheter,10/18/2018 2:21:49,10/18/2018 2:21:55,1309,1315
1539831132678-video_4.7_CVC,R_47_2C,Pre,1539831056511,Check flow and reflow,Install Catheter,10/18/2018 2:22:01,10/18/2018 2:22:47,1321,1367
1539831132678-video_4.7_CVC,R_47_2C,Pre,1539831121300,Check catheter position,Install Catheter,10/18/2018 2:23:38,10/18/2018 2:23:38,1418,1418
1539832275246-video_4.8_CVC,R_48_2D,Pre,1539831470683,Get in sterile clothes,Operator and Patient Preparation,10/18/2018 2:00:12,10/18/2018 2:00:20,12,20
1539832275246-video_4.8_CVC,R_48_2D,Pre,1539831476761,Hand washing,Operator and Patient Preparation,10/18/2018 2:00:22,10/18/2018 2:00:54,22,54
1539832275246-video_4.8_CVC,R_48_2D,Pre,1539831499795,Get in sterile clothes,Operator and Patient Preparation,10/18/2018 2:00:56,10/18/2018 2:02:04,56,124
1539832275246-video_4.8_CVC,R_48_2D,Pre,1539831550630,Prepare implements,Operator and Patient Preparation,10/18/2018 2:02:12,10/18/2018 2:02:32,132,152
1539832275246-video_4.8_CVC,R_48_2D,Pre,1539831564996,Clean puncture area,Operator and Patient Preparation,10/18/2018 2:02:34,10/18/2018 2:02:52,154,172
1539832275246-video_4.8_CVC,R_48_2D,Pre,1539831580364,Drap puncture area,Operator and Patient Preparation,10/18/2018 3:02:57,10/18/2018 3:03:31,177,211
1539832275246-video_4.8_CVC,R_48_2D,Pre,1539831612760,Cover probe,Ultrasound Preparation,10/18/2018 3:03:46,10/18/2018 3:05:09,226,309
1539832275246-video_4.8_CVC,R_48_2D,Pre,1539831645301,Gel in probe,Ultrasound Preparation,10/18/2018 3:04:34,10/18/2018 3:04:38,274,278
1539832275246-video_4.8_CVC,R_48_2D,Pre,1539831678868,Put sterile gel,Ultrasound Preparation,10/18/2018 3:05:25,10/18/2018 3:05:47,325,347
1539832275246-video_4.8_CVC,R_48_2D,Pre,1539831686900,Prepare implements,Operator and Patient Preparation,10/18/2018 3:05:37,10/18/2018 3:06:01,337,361
1539832275246-video_4.8_CVC,R_48_2D,Pre,1539831706415,Ultrasound configuration,Ultrasound Preparation,10/18/2018 3:06:06,10/18/2018 3:07:04,366,424
1539832275246-video_4.8_CVC,R_48_2D,Pre,1539831735278,Position probe,Ultrasound Preparation,10/18/2018 3:06:49,10/18/2018 3:06:49,409,409
1539832275246-video_4.8_CVC,R_48_2D,Pre,1539831738477,Anatomic identification,Locate Structures,10/18/2018 3:06:54,10/18/2018 3:06:54,414,414
1539832275246-video_4.8_CVC,R_48_2D,Pre,1539831787105,Ultrasound configuration,Ultrasound Preparation,10/18/2018 3:08:07,10/18/2018 3:08:17,487,497
1539832275246-video_4.8_CVC,R_48_2D,Pre,1539831824286,Compression identification,Locate Structures,10/18/2018 3:09:03,10/18/2018 3:09:03,543,543
1539832275246-video_4.8_CVC,R_48_2D,Pre,1539831852298,Puncture,Venous puncture,10/18/2018 3:09:45,10/18/2018 3:10:04,585,604
1539832275246-video_4.8_CVC,R_48_2D,Pre,1539831866242,Blood return,Venous puncture,10/18/2018 3:10:06,10/18/2018 3:10:06,606,606
1539832275246-video_4.8_CVC,R_48_2D,Pre,1539831898453,Drop probe,Install Guidewire,10/18/2018 3:10:12,10/18/2018 3:10:12,612,612
1539832275246-video_4.8_CVC,R_48_2D,Pre,1539831901684,Remove syringe,Install Guidewire,10/18/2018 3:10:17,10/18/2018 3:10:17,617,617
1539832275246-video_4.8_CVC,R_48_2D,Pre,1539831903848,Guidewire install,Install Guidewire,10/18/2018 3:10:20,10/18/2018 3:10:52,620,652
1539832275246-video_4.8_CVC,R_48_2D,Pre,1539831926326,Remove trocar,Install Guidewire,10/18/2018 3:10:54,10/18/2018 3:10:54,654,654
1539832275246-video_4.8_CVC,R_48_2D,Pre,1539831934159,Widen pathway,Install Catheter,10/18/2018 3:11:06,10/18/2018 3:11:24,666,684
1539832275246-video_4.8_CVC,R_48_2D,Pre,1539831952946,Advance catheter,Install Catheter,10/18/2018 3:11:34,10/18/2018 3:12:32,694,752
1539832275246-video_4.8_CVC,R_48_2D,Pre,1539832113160,Puncture,Venous puncture,10/18/2018 3:12:53,10/18/2018 3:13:19,773,799
1539832275246-video_4.8_CVC,R_48_2D,Pre,1539832131348,Blood return,Venous puncture,10/18/2018 3:13:20,10/18/2018 3:13:20,800,800
1539832275246-video_4.8_CVC,R_48_2D,Pre,1539832137611,Drop probe,Install Guidewire,10/18/2018 3:13:30,10/18/2018 3:13:30,810,810
1539832275246-video_4.8_CVC,R_48_2D,Pre,1539832146671,Remove syringe,Install Guidewire,10/18/2018 3:13:44,10/18/2018 3:13:44,824,824
1539832275246-video_4.8_CVC,R_48_2D,Pre,1539832155358,Guidewire install,Install Guidewire,10/18/2018 3:13:56,10/18/2018 3:14:55,836,895
1539832275246-video_4.8_CVC,R_48_2D,Pre,1539832174562,Check wire in short axis,Install Guidewire,10/18/2018 3:14:25,10/18/2018 3:14:25,865,865
1539832275246-video_4.8_CVC,R_48_2D,Pre,1539832178435,Check wire in long axis,Install Guidewire,10/18/2018 3:14:31,10/18/2018 3:14:31,871,871
1539832275246-video_4.8_CVC,R_48_2D,Pre,1539832199087,Remove trocar,Install Guidewire,10/18/2018 3:15:02,10/18/2018 3:15:02,902,902
1539832275246-video_4.8_CVC,R_48_2D,Pre,1539832203401,Widen pathway,Install Catheter,10/18/2018 3:15:08,10/18/2018 3:15:20,908,920
1539832275246-video_4.8_CVC,R_48_2D,Pre,1539832211961,Advance catheter,Install Catheter,10/18/2018 3:15:21,10/18/2018 3:16:02,921,962
1539832275246-video_4.8_CVC,R_48_2D,Pre,1539832239808,Remove guidewire,Install Catheter,10/18/2018 3:16:03,10/18/2018 3:16:06,963,966
1539832275246-video_4.8_CVC,R_48_2D,Pre,1539832243182,Check flow and reflow,Install Catheter,10/18/2018 3:16:08,10/18/2018 3:16:34,968,994
1539832275246-video_4.8_CVC,R_48_2D,Pre,1539832264783,Check catheter position,Install Catheter,10/18/2018 3:16:41,10/18/2018 3:16:41,1001,1001